ent,ent_nombre,mun,mun_nom,iaim
01,Aguascalientes,001,Aguascalientes,1.92
01,Aguascalientes,002,Asientos,5.18
01,Aguascalientes,003,Calvillo,12.147
01,Aguascalientes,004,Cosío,4.182
01,Aguascalientes,005,Jesús María,3.323
01,Aguascalientes,006,Pabellón de Arteaga,4.741
01,Aguascalientes,007,Rincón de Romos,4.98
01,Aguascalientes,008,San José de Gracia,8.448
01,Aguascalientes,009,Tepezalá,5.33
01,Aguascalientes,010,El Llano,6.532
01,Aguascalientes,011,San Francisco de los Romo,4.269
02,Baja California,001,Ensenada,2.214
02,Baja California,002,Mexicali,2.03
02,Baja California,003,Tecate,3.309
02,Baja California,004,Tijuana,2.059
02,Baja California,005,Playas de Rosarito,3.486
02,Baja California,006,San Quintín,
03,Baja California Sur,001,Comondú,0.68
03,Baja California Sur,002,Mulegé,0.99
03,Baja California Sur,003,La Paz,0.586
03,Baja California Sur,008,Los Cabos,1.335
03,Baja California Sur,009,Loreto,0.664
04,Campeche,001,Calkiní,0.214
04,Campeche,002,Campeche,0.351
04,Campeche,003,Carmen,0.288
04,Campeche,004,Champotón,0.901
04,Campeche,005,Hecelchakán,0.08
04,Campeche,006,Hopelchén,0.253
04,Campeche,007,Palizada,0.058
04,Campeche,008,Tenabo,0.103
04,Campeche,009,Escárcega,2.581
04,Campeche,010,Calakmul,2.65
04,Campeche,011,Candelaria,2.277
04,Campeche,012,Seybaplaya,
05,Coahuila de Zaragoza,001,Abasolo,5.697
05,Coahuila de Zaragoza,002,Acuña,1.892
05,Coahuila de Zaragoza,003,Allende,3.668
05,Coahuila de Zaragoza,004,Arteaga,1.055
05,Coahuila de Zaragoza,005,Candela,1.427
05,Coahuila de Zaragoza,006,Castaños,2.283
05,Coahuila de Zaragoza,007,Cuatro Ciénegas,1.898
05,Coahuila de Zaragoza,008,Escobedo,4.006
05,Coahuila de Zaragoza,009,Francisco I. Madero,1.139
05,Coahuila de Zaragoza,010,Frontera,1.167
05,Coahuila de Zaragoza,011,General Cepeda,0.634
05,Coahuila de Zaragoza,012,Guerrero,3.691
05,Coahuila de Zaragoza,013,Hidalgo,2.151
05,Coahuila de Zaragoza,014,Jiménez,4.37
05,Coahuila de Zaragoza,015,Juárez,2.982
05,Coahuila de Zaragoza,016,Lamadrid,2.22
05,Coahuila de Zaragoza,017,Matamoros,1.938
05,Coahuila de Zaragoza,018,Monclova,1.418
05,Coahuila de Zaragoza,019,Morelos,2.46
05,Coahuila de Zaragoza,020,Múzquiz,1.913
05,Coahuila de Zaragoza,021,Nadadores,1.6
05,Coahuila de Zaragoza,022,Nava,2.676
05,Coahuila de Zaragoza,023,Ocampo,1.678
05,Coahuila de Zaragoza,024,Parras,0.467
05,Coahuila de Zaragoza,025,Piedras Negras,2.88
05,Coahuila de Zaragoza,026,Progreso,2.773
05,Coahuila de Zaragoza,027,Ramos Arizpe,0.924
05,Coahuila de Zaragoza,028,Sabinas,1.795
05,Coahuila de Zaragoza,029,Sacramento,0.314
05,Coahuila de Zaragoza,030,Saltillo,0.603
05,Coahuila de Zaragoza,031,San Buenaventura,2.181
05,Coahuila de Zaragoza,032,San Juan de Sabinas,2.272
05,Coahuila de Zaragoza,033,San Pedro,2.069
05,Coahuila de Zaragoza,034,Sierra Mojada,1.014
05,Coahuila de Zaragoza,035,Torreón,0.912
05,Coahuila de Zaragoza,036,Viesca,1.011
05,Coahuila de Zaragoza,037,Villa Unión,3.844
05,Coahuila de Zaragoza,038,Zaragoza,3.164
06,Colima,001,Armería,4.517
06,Colima,002,Colima,2.729
06,Colima,003,Comala,4.501
06,Colima,004,Coquimatlán,6.128
06,Colima,005,Cuauhtémoc,5.24
06,Colima,006,Ixtlahuacán,6.227
06,Colima,007,Manzanillo,1.983
06,Colima,008,Minatitlán,4.096
06,Colima,009,Tecomán,3.469
06,Colima,010,Villa de Álvarez,2.662
07,Chiapas,001,Acacoyagua,1.758
07,Chiapas,002,Acala,0.433
07,Chiapas,003,Acapetahua,2.22
07,Chiapas,004,Altamirano,0.377
07,Chiapas,005,Amatán,0.389
07,Chiapas,006,Amatenango de la Frontera,5.271
07,Chiapas,007,Amatenango del Valle,0.041
07,Chiapas,008,Ángel Albino Corzo,2.167
07,Chiapas,009,Arriaga,1.357
07,Chiapas,010,Bejucal de Ocampo,1.635
07,Chiapas,011,Bella Vista,2.976
07,Chiapas,012,Berriozábal,0.283
07,Chiapas,013,Bochil,0.275
07,Chiapas,014,El Bosque,0.033
07,Chiapas,015,Cacahoatán,1.794
07,Chiapas,016,Catazajá,0.398
07,Chiapas,017,Cintalapa,0.499
07,Chiapas,018,Coapilla,0.995
07,Chiapas,019,Comitán de Domínguez,1.384
07,Chiapas,020,La Concordia,0.66
07,Chiapas,021,Copainalá,0.272
07,Chiapas,022,Chalchihuitán,0.035
07,Chiapas,023,Chamula,1.298
07,Chiapas,024,Chanal,0.269
07,Chiapas,025,Chapultenango,0.175
07,Chiapas,026,Chenalhó,0.074
07,Chiapas,027,Chiapa de Corzo,0.382
07,Chiapas,028,Chiapilla,1.092
07,Chiapas,029,Chicoasén,0.149
07,Chiapas,030,Chicomuselo,2.069
07,Chiapas,031,Chilón,0.107
07,Chiapas,032,Escuintla,1.911
07,Chiapas,033,Francisco León,0.723
07,Chiapas,034,Frontera Comalapa,2.399
07,Chiapas,035,Frontera Hidalgo,0.904
07,Chiapas,036,La Grandeza,1.412
07,Chiapas,037,Huehuetán,1.917
07,Chiapas,038,Huixtán,0.146
07,Chiapas,039,Huitiupán,0.267
07,Chiapas,040,Huixtla,1.739
07,Chiapas,041,La Independencia,1.907
07,Chiapas,042,Ixhuatán,0.642
07,Chiapas,043,Ixtacomitán,0.317
07,Chiapas,044,Ixtapa,0.096
07,Chiapas,045,Ixtapangajoya,0.318
07,Chiapas,046,Jiquipilas,0.491
07,Chiapas,047,Jitotol,0.296
07,Chiapas,048,Juárez,0.307
07,Chiapas,049,Larráinzar,0.028
07,Chiapas,050,La Libertad,0.383
07,Chiapas,051,Mapastepec,2.42
07,Chiapas,052,Las Margaritas,3.085
07,Chiapas,053,Mazapa de Madero,1.423
07,Chiapas,054,Mazatán,2.048
07,Chiapas,055,Metapa,0.857
07,Chiapas,056,Mitontic,0.243
07,Chiapas,057,Motozintla,1.188
07,Chiapas,058,Nicolás Ruíz,0.028
07,Chiapas,059,Ocosingo,0.424
07,Chiapas,060,Ocotepec,0.208
07,Chiapas,061,Ocozocoautla de Espinosa,0.466
07,Chiapas,062,Ostuacán,0.317
07,Chiapas,063,Osumacinta,0.055
07,Chiapas,064,Oxchuc,0
07,Chiapas,065,Palenque,0.295
07,Chiapas,066,Pantelhó,0.068
07,Chiapas,067,Pantepec,0.17
07,Chiapas,068,Pichucalco,0.554
07,Chiapas,069,Pijijiapan,1.626
07,Chiapas,070,El Porvenir,1.006
07,Chiapas,071,Villa Comaltitlán,2.115
07,Chiapas,072,Pueblo Nuevo Solistahuacán,0.41
07,Chiapas,073,Rayón,0.29
07,Chiapas,074,Reforma,0.498
07,Chiapas,075,Las Rosas,0.608
07,Chiapas,076,Sabanilla,0.11
07,Chiapas,077,Salto de Agua,0
07,Chiapas,078,San Cristóbal de las Casas,0.413
07,Chiapas,079,San Fernando,0.711
07,Chiapas,080,Siltepec,1.42
07,Chiapas,081,Simojovel,0.312
07,Chiapas,082,Sitalá,0.022
07,Chiapas,083,Socoltenango,2.223
07,Chiapas,084,Solosuchiapa,0.163
07,Chiapas,085,Soyaló,0.136
07,Chiapas,086,Suchiapa,0.057
07,Chiapas,087,Suchiate,1.083
07,Chiapas,088,Sunuapa,1.972
07,Chiapas,089,Tapachula,0.829
07,Chiapas,090,Tapalapa,1.495
07,Chiapas,091,Tapilula,0.311
07,Chiapas,092,Tecpatán,0.521
07,Chiapas,093,Tenejapa,0.029
07,Chiapas,094,Teopisca,0.634
07,Chiapas,096,Tila,0.085
07,Chiapas,097,Tonalá,1.902
07,Chiapas,098,Totolapa,0.24
07,Chiapas,099,La Trinitaria,3.403
07,Chiapas,100,Tumbalá,0.129
07,Chiapas,101,Tuxtla Gutiérrez,0.372
07,Chiapas,102,Tuxtla Chico,0.819
07,Chiapas,103,Tuzantán,1.826
07,Chiapas,104,Tzimol,3.269
07,Chiapas,105,Unión Juárez,3.723
07,Chiapas,106,Venustiano Carranza,0.656
07,Chiapas,107,Villa Corzo,1.61
07,Chiapas,108,Villaflores,0.753
07,Chiapas,109,Yajalón,0.085
07,Chiapas,110,San Lucas,0.031
07,Chiapas,111,Zinacantán,0.199
07,Chiapas,112,San Juan Cancuc,0.06
07,Chiapas,113,Aldama,0.145
07,Chiapas,114,Benemérito de las Américas,1.231
07,Chiapas,115,Maravilla Tenejapa,0.702
07,Chiapas,116,Marqués de Comillas,1.662
07,Chiapas,117,Montecristo de Guerrero,1.506
07,Chiapas,118,San Andrés Duraznal,0.083
07,Chiapas,119,Santiago el Pinar,0.079
07,Chiapas,120,Capitán Luis Ángel Vidal,
07,Chiapas,121,Rincón Chamula San Pedro,
07,Chiapas,122,El Parral,
07,Chiapas,123,Emiliano Zapata,
07,Chiapas,124,Mezcalapa,
07,Chiapas,125,Honduras de la Sierra,
08,Chihuahua,001,Ahumada,1.645
08,Chihuahua,002,Aldama,3.248
08,Chihuahua,003,Allende,4.051
08,Chihuahua,004,Aquiles Serdán,0.636
08,Chihuahua,005,Ascensión,2.633
08,Chihuahua,006,Bachíniva,5.24
08,Chihuahua,007,Balleza,2.54
08,Chihuahua,008,Batopilas de Manuel Gómez Morín,0.07
08,Chihuahua,009,Bocoyna,1.15
08,Chihuahua,010,Buenaventura,2.228
08,Chihuahua,011,Camargo,2.137
08,Chihuahua,012,Carichí,4.563
08,Chihuahua,013,Casas Grandes,3.442
08,Chihuahua,014,Coronado,5.855
08,Chihuahua,015,Coyame del Sotol,8.047
08,Chihuahua,016,La Cruz,5.639
08,Chihuahua,017,Cuauhtémoc,3.301
08,Chihuahua,018,Cusihuiriachi,4.679
08,Chihuahua,019,Chihuahua,1.645
08,Chihuahua,020,Chínipas,0.142
08,Chihuahua,021,Delicias,2.425
08,Chihuahua,022,Dr. Belisario Domínguez,11.825
08,Chihuahua,023,Galeana,3.487
08,Chihuahua,024,Santa Isabel,4.48
08,Chihuahua,025,Gómez Farías,4.936
08,Chihuahua,026,Gran Morelos,8.471
08,Chihuahua,027,Guachochi,0.302
08,Chihuahua,028,Guadalupe,3.434
08,Chihuahua,029,Guadalupe y Calvo,0.134
08,Chihuahua,030,Guazapares,0.372
08,Chihuahua,031,Guerrero,5.55
08,Chihuahua,032,Hidalgo del Parral,3.109
08,Chihuahua,033,Huejotitán,4.985
08,Chihuahua,034,Ignacio Zaragoza,6.613
08,Chihuahua,035,Janos,3.02
08,Chihuahua,036,Jiménez,2.852
08,Chihuahua,037,Juárez,2.018
08,Chihuahua,038,Julimes,6.523
08,Chihuahua,039,López,6.332
08,Chihuahua,040,Madera,5.444
08,Chihuahua,041,Maguarichi,0.142
08,Chihuahua,042,Manuel Benavides,7.107
08,Chihuahua,043,Matachí,7.438
08,Chihuahua,044,Matamoros,3.316
08,Chihuahua,045,Meoqui,3.551
08,Chihuahua,046,Morelos,0.17
08,Chihuahua,047,Moris,0.805
08,Chihuahua,048,Namiquipa,7.389
08,Chihuahua,049,Nonoava,2.326
08,Chihuahua,050,Nuevo Casas Grandes,3.337
08,Chihuahua,051,Ocampo,0.722
08,Chihuahua,052,Ojinaga,6.755
08,Chihuahua,053,Praxedis G. Guerrero,4.777
08,Chihuahua,054,Riva Palacio,1.774
08,Chihuahua,055,Rosales,3.185
08,Chihuahua,056,Rosario,7.442
08,Chihuahua,057,San Francisco de Borja,4.964
08,Chihuahua,058,San Francisco de Conchos,2.447
08,Chihuahua,059,San Francisco del Oro,2.369
08,Chihuahua,060,Santa Bárbara,3.013
08,Chihuahua,061,Satevó,3.195
08,Chihuahua,062,Saucillo,4.106
08,Chihuahua,063,Temósachic,3.125
08,Chihuahua,064,El Tule,8.008
08,Chihuahua,065,Urique,0.691
08,Chihuahua,066,Uruachi,0.384
08,Chihuahua,067,Valle de Zaragoza,5.405
09,Ciudad de México,002,Azcapotzalco,0.387
09,Ciudad de México,003,Coyoacán,0.591
09,Ciudad de México,004,Cuajimalpa de Morelos,0.5
09,Ciudad de México,005,Gustavo A. Madero,0.714
09,Ciudad de México,006,Iztacalco,0.683
09,Ciudad de México,007,Iztapalapa,0.711
09,Ciudad de México,008,La Magdalena Contreras,0.703
09,Ciudad de México,009,Milpa Alta,0.554
09,Ciudad de México,010,Álvaro Obregón,0.652
09,Ciudad de México,011,Tláhuac,0.831
09,Ciudad de México,012,Tlalpan,0.676
09,Ciudad de México,013,Xochimilco,0.682
09,Ciudad de México,014,Benito Juárez,0.769
09,Ciudad de México,015,Cuauhtémoc,0.638
09,Ciudad de México,016,Miguel Hidalgo,0.695
09,Ciudad de México,017,Venustiano Carranza,0.672
10,Durango,001,Canatlán,6.245
10,Durango,002,Canelas,2.514
10,Durango,003,Coneto de Comonfort,15.123
10,Durango,004,Cuencamé,3.875
10,Durango,005,Durango,2.938
10,Durango,006,General Simón Bolívar,6.259
10,Durango,007,Gómez Palacio,1.224
10,Durango,008,Guadalupe Victoria,7.15
10,Durango,009,Guanaceví,4.127
10,Durango,010,Hidalgo,8.639
10,Durango,011,Indé,10.35
10,Durango,012,Lerdo,1.71
10,Durango,013,Mapimí,5.842
10,Durango,014,Mezquital,1.764
10,Durango,015,Nazas,8.959
10,Durango,016,Nombre de Dios,5.982
10,Durango,017,Ocampo,6.473
10,Durango,018,El Oro,8.375
10,Durango,019,Otáez,4.072
10,Durango,020,Pánuco de Coronado,7.958
10,Durango,021,Peñón Blanco,5.422
10,Durango,022,Poanas,9.368
10,Durango,023,Pueblo Nuevo,0.78
10,Durango,024,Rodeo,8.669
10,Durango,025,San Bernardo,6.119
10,Durango,026,San Dimas,1.112
10,Durango,027,San Juan de Guadalupe,6.204
10,Durango,028,San Juan del Río,8.527
10,Durango,029,San Luis del Cordero,12.594
10,Durango,030,San Pedro del Gallo,11.715
10,Durango,031,Santa Clara,7.143
10,Durango,032,Santiago Papasquiaro,6.883
10,Durango,033,Súchil,6.316
10,Durango,034,Tamazula,2.182
10,Durango,035,Tepehuanes,6.581
10,Durango,036,Tlahualilo,2.312
10,Durango,037,Topia,3.317
10,Durango,038,Vicente Guerrero,6.615
10,Durango,039,Nuevo Ideal,7.139
11,Guanajuato,001,Abasolo,9.197
11,Guanajuato,002,Acámbaro,7.786
11,Guanajuato,003,San Miguel de Allende,7.093
11,Guanajuato,004,Apaseo el Alto,12.091
11,Guanajuato,005,Apaseo el Grande,7.023
11,Guanajuato,006,Atarjea,4.975
11,Guanajuato,007,Celaya,2.822
11,Guanajuato,008,Manuel Doblado,14.513
11,Guanajuato,009,Comonfort,7.952
11,Guanajuato,010,Coroneo,10.227
11,Guanajuato,011,Cortazar,4.133
11,Guanajuato,012,Cuerámaro,9.525
11,Guanajuato,013,Doctor Mora,9.671
11,Guanajuato,014,Dolores Hidalgo Cuna de la Independencia Nacional,9.814
11,Guanajuato,015,Guanajuato,2.833
11,Guanajuato,016,Huanímaro,14.143
11,Guanajuato,017,Irapuato,2.617
11,Guanajuato,018,Jaral del Progreso,5.67
11,Guanajuato,019,Jerécuaro,17.443
11,Guanajuato,020,León,1.879
11,Guanajuato,021,Moroleón,5.696
11,Guanajuato,022,Ocampo,9.149
11,Guanajuato,023,Pénjamo,6.167
11,Guanajuato,024,Pueblo Nuevo,10.764
11,Guanajuato,025,Purísima del Rincón,5.335
11,Guanajuato,026,Romita,6.738
11,Guanajuato,027,Salamanca,3.286
11,Guanajuato,028,Salvatierra,6.982
11,Guanajuato,029,San Diego de la Unión,15.529
11,Guanajuato,030,San Felipe,10.971
11,Guanajuato,031,San Francisco del Rincón,5.427
11,Guanajuato,032,San José Iturbide,4.352
11,Guanajuato,033,San Luis de la Paz,7.833
11,Guanajuato,034,Santa Catarina,9.088
11,Guanajuato,035,Santa Cruz de Juventino Rosas,5.126
11,Guanajuato,036,Santiago Maravatío,12.902
11,Guanajuato,037,Silao de la Victoria,5.097
11,Guanajuato,038,Tarandacuao,8.698
11,Guanajuato,039,Tarimoro,10.433
11,Guanajuato,040,Tierra Blanca,7.797
11,Guanajuato,041,Uriangato,2.943
11,Guanajuato,042,Valle de Santiago,6.197
11,Guanajuato,043,Victoria,8.117
11,Guanajuato,044,Villagrán,3.689
11,Guanajuato,045,Xichú,12.909
11,Guanajuato,046,Yuriria,9.291
12,Guerrero,001,Acapulco de Juárez,2.307
12,Guerrero,002,Ahuacuotzingo,5.887
12,Guerrero,003,Ajuchitlán del Progreso,6.378
12,Guerrero,004,Alcozauca de Guerrero,9.17
12,Guerrero,005,Alpoyeca,9.843
12,Guerrero,006,Apaxtla,5.582
12,Guerrero,007,Arcelia,5.407
12,Guerrero,008,Atenango del Río,10.561
12,Guerrero,009,Atlamajalcingo del Monte,3.512
12,Guerrero,010,Atlixtac,2.63
12,Guerrero,011,Atoyac de Álvarez,4.378
12,Guerrero,012,Ayutla de los Libres,3.697
12,Guerrero,013,Azoyú,5.817
12,Guerrero,014,Benito Juárez,3.758
12,Guerrero,015,Buenavista de Cuéllar,5.046
12,Guerrero,016,Coahuayutla de José María Izazaga,4.496
12,Guerrero,017,Cocula,11.364
12,Guerrero,018,Copala,8.252
12,Guerrero,019,Copalillo,4.509
12,Guerrero,020,Copanatoyac,2.187
12,Guerrero,021,Coyuca de Benítez,3.248
12,Guerrero,022,Coyuca de Catalán,5.755
12,Guerrero,023,Cuajinicuilapa,6.075
12,Guerrero,024,Cualác,2.694
12,Guerrero,025,Cuautepec,2.464
12,Guerrero,026,Cuetzala del Progreso,8.256
12,Guerrero,027,Cutzamala de Pinzón,12.576
12,Guerrero,028,Chilapa de Álvarez,4.275
12,Guerrero,029,Chilpancingo de los Bravo,1.65
12,Guerrero,030,Florencio Villarreal,6.221
12,Guerrero,031,General Canuto A. Neri,6.491
12,Guerrero,032,General Heliodoro Castillo,1.929
12,Guerrero,033,Huamuxtitlán,10.053
12,Guerrero,034,Huitzuco de los Figueroa,7.293
12,Guerrero,035,Iguala de la Independencia,3.789
12,Guerrero,036,Igualapa,2.478
12,Guerrero,037,Ixcateopan de Cuauhtémoc,9.33
12,Guerrero,038,Zihuatanejo de Azueta,2.513
12,Guerrero,039,Juan R. Escudero,4.792
12,Guerrero,040,Leonardo Bravo,2.407
12,Guerrero,041,Malinaltepec,1.436
12,Guerrero,042,Mártir de Cuilapan,5.446
12,Guerrero,043,Metlatónoc,3.43
12,Guerrero,044,Mochitlán,3.127
12,Guerrero,045,Olinalá,4.201
12,Guerrero,046,Ometepec,2.262
12,Guerrero,047,Pedro Ascencio Alquisiras,9.439
12,Guerrero,048,Petatlán,3.49
12,Guerrero,049,Pilcaya,5.654
12,Guerrero,050,Pungarabato,4.198
12,Guerrero,051,Quechultenango,2.689
12,Guerrero,052,San Luis Acatlán,1.337
12,Guerrero,053,San Marcos,5.74
12,Guerrero,054,San Miguel Totolapan,3.509
12,Guerrero,055,Taxco de Alarcón,2.952
12,Guerrero,056,Tecoanapa,2.994
12,Guerrero,057,Técpan de Galeana,3.325
12,Guerrero,058,Teloloapan,8.028
12,Guerrero,059,Tepecoacuilco de Trujano,7.069
12,Guerrero,060,Tetipac,7.056
12,Guerrero,061,Tixtla de Guerrero,1.315
12,Guerrero,062,Tlacoachistlahuaca,3.846
12,Guerrero,063,Tlacoapa,0.824
12,Guerrero,064,Tlalchapa,6.802
12,Guerrero,065,Tlalixtaquilla de Maldonado,11.603
12,Guerrero,066,Tlapa de Comonfort,3.561
12,Guerrero,067,Tlapehuala,8.21
12,Guerrero,068,La Unión de Isidoro Montes de Oca,4.622
12,Guerrero,069,Xalpatláhuac,7.165
12,Guerrero,070,Xochihuehuetlán,8.743
12,Guerrero,071,Xochistlahuaca,1.982
12,Guerrero,072,Zapotitlán Tablas,1.021
12,Guerrero,073,Zirándaro,4.305
12,Guerrero,074,Zitlala,3.394
12,Guerrero,075,Eduardo Neri,1.786
12,Guerrero,076,Acatepec,0.343
12,Guerrero,077,Marquelia,4.081
12,Guerrero,078,Cochoapa el Grande,1.463
12,Guerrero,079,José Joaquín de Herrera,1.082
12,Guerrero,080,Juchitán,8.854
12,Guerrero,081,Iliatenco,1.157
13,Hidalgo,001,Acatlán,8.314
13,Hidalgo,002,Acaxochitlán,1.614
13,Hidalgo,003,Actopan,4.127
13,Hidalgo,004,Agua Blanca de Iturbide,3.468
13,Hidalgo,005,Ajacuba,4.666
13,Hidalgo,006,Alfajayucan,8.242
13,Hidalgo,007,Almoloya,2.57
13,Hidalgo,008,Apan,1.676
13,Hidalgo,009,El Arenal,1.928
13,Hidalgo,010,Atitalaquia,1.058
13,Hidalgo,011,Atlapexco,0.355
13,Hidalgo,012,Atotonilco el Grande,7.898
13,Hidalgo,013,Atotonilco de Tula,0.729
13,Hidalgo,014,Calnali,1.945
13,Hidalgo,015,Cardonal,10.396
13,Hidalgo,016,Cuautepec de Hinojosa,4.537
13,Hidalgo,017,Chapantongo,3.49
13,Hidalgo,018,Chapulhuacán,7.652
13,Hidalgo,019,Chilcuautla,8.857
13,Hidalgo,020,Eloxochitlán,6.318
13,Hidalgo,021,Emiliano Zapata,1.274
13,Hidalgo,022,Epazoyucan,2.726
13,Hidalgo,023,Francisco I. Madero,5.482
13,Hidalgo,024,Huasca de Ocampo,9.912
13,Hidalgo,025,Huautla,1.108
13,Hidalgo,026,Huazalingo,0.542
13,Hidalgo,027,Huehuetla,1.736
13,Hidalgo,028,Huejutla de Reyes,0.789
13,Hidalgo,029,Huichapan,4.987
13,Hidalgo,030,Ixmiquilpan,7.591
13,Hidalgo,031,Jacala de Ledezma,12.705
13,Hidalgo,032,Jaltocán,2.195
13,Hidalgo,033,Juárez Hidalgo,6.492
13,Hidalgo,034,Lolotla,2.696
13,Hidalgo,035,Metepec,4.922
13,Hidalgo,036,San Agustín Metzquititlán,5.985
13,Hidalgo,037,Metztitlán,7.128
13,Hidalgo,038,Mineral del Chico,2.217
13,Hidalgo,039,Mineral del Monte,2.164
13,Hidalgo,040,La Misión,12.023
13,Hidalgo,041,Mixquiahuala de Juárez,4.356
13,Hidalgo,042,Molango de Escamilla,3.369
13,Hidalgo,043,Nicolás Flores,13.375
13,Hidalgo,044,Nopala de Villagrán,1.986
13,Hidalgo,045,Omitlán de Juárez,5.331
13,Hidalgo,046,San Felipe Orizatlán,0.735
13,Hidalgo,047,Pacula,15.453
13,Hidalgo,048,Pachuca de Soto,0.653
13,Hidalgo,049,Pisaflores,10.258
13,Hidalgo,050,Progreso de Obregón,4.622
13,Hidalgo,051,Mineral de la Reforma,1.153
13,Hidalgo,052,San Agustín Tlaxiaca,2.653
13,Hidalgo,053,San Bartolo Tutotepec,2.526
13,Hidalgo,054,San Salvador,4.578
13,Hidalgo,055,Santiago de Anaya,6.249
13,Hidalgo,056,Santiago Tulantepec de Lugo Guerrero,3.076
13,Hidalgo,057,Singuilucan,5.01
13,Hidalgo,058,Tasquillo,16.683
13,Hidalgo,059,Tecozautla,10.342
13,Hidalgo,060,Tenango de Doria,7.003
13,Hidalgo,061,Tepeapulco,1.417
13,Hidalgo,062,Tepehuacán de Guerrero,2.851
13,Hidalgo,063,Tepeji del Río de Ocampo,1.772
13,Hidalgo,064,Tepetitlán,3.956
13,Hidalgo,065,Tetepango,3.188
13,Hidalgo,066,Villa de Tezontepec,1.258
13,Hidalgo,067,Tezontepec de Aldama,3.703
13,Hidalgo,068,Tianguistengo,6.103
13,Hidalgo,069,Tizayuca,0.982
13,Hidalgo,070,Tlahuelilpan,2.595
13,Hidalgo,071,Tlahuiltepa,8.823
13,Hidalgo,072,Tlanalapa,2.594
13,Hidalgo,073,Tlanchinol,3.047
13,Hidalgo,074,Tlaxcoapan,1.265
13,Hidalgo,075,Tolcayuca,2.35
13,Hidalgo,076,Tula de Allende,1.415
13,Hidalgo,077,Tulancingo de Bravo,2.94
13,Hidalgo,078,Xochiatipan,0.15
13,Hidalgo,079,Xochicoatlán,1.29
13,Hidalgo,080,Yahualica,0.883
13,Hidalgo,081,Zacualtipán de Ángeles,3.332
13,Hidalgo,082,Zapotlán de Juárez,2.893
13,Hidalgo,083,Zempoala,1.799
13,Hidalgo,084,Zimapán,10.098
14,Jalisco,001,Acatic,6.589
14,Jalisco,002,Acatlán de Juárez,4.547
14,Jalisco,003,Ahualulco de Mercado,6.069
14,Jalisco,004,Amacueca,8.775
14,Jalisco,005,Amatitán,2.934
14,Jalisco,006,Ameca,8.072
14,Jalisco,007,San Juanito de Escobedo,7.525
14,Jalisco,008,Arandas,4.306
14,Jalisco,009,El Arenal,2.918
14,Jalisco,010,Atemajac de Brizuela,4.373
14,Jalisco,011,Atengo,6.087
14,Jalisco,012,Atenguillo,7.445
14,Jalisco,013,Atotonilco el Alto,3.749
14,Jalisco,014,Atoyac,8.198
14,Jalisco,015,Autlán de Navarro,3.592
14,Jalisco,016,Ayotlán,7.206
14,Jalisco,017,Ayutla,6.31
14,Jalisco,018,La Barca,3.297
14,Jalisco,019,Bolaños,1.987
14,Jalisco,020,Cabo Corrientes,1.211
14,Jalisco,021,Casimiro Castillo,4.388
14,Jalisco,022,Cihuatlán,1.916
14,Jalisco,023,Zapotlán el Grande,1.961
14,Jalisco,024,Cocula,6.971
14,Jalisco,025,Colotlán,7.906
14,Jalisco,026,Concepción de Buenos Aires,7.905
14,Jalisco,027,Cuautitlán de García Barragán,4.793
14,Jalisco,028,Cuautla,15.206
14,Jalisco,029,Cuquío,9.336
14,Jalisco,030,Chapala,3.385
14,Jalisco,031,Chimaltitán,6.263
14,Jalisco,032,Chiquilistlán,6.373
14,Jalisco,033,Degollado,11.22
14,Jalisco,034,Ejutla,9.128
14,Jalisco,035,Encarnación de Díaz,6.844
14,Jalisco,036,Etzatlán,4.71
14,Jalisco,037,El Grullo,4.29
14,Jalisco,038,Guachinango,8.644
14,Jalisco,039,Guadalajara,1.634
14,Jalisco,040,Hostotipaquillo,4.766
14,Jalisco,041,Huejúcar,12.578
14,Jalisco,042,Huejuquilla el Alto,9.956
14,Jalisco,043,La Huerta,6.411
14,Jalisco,044,Ixtlahuacán de los Membrillos,2.106
14,Jalisco,045,Ixtlahuacán del Río,7.421
14,Jalisco,046,Jalostotitlán,6.672
14,Jalisco,047,Jamay,4.991
14,Jalisco,048,Jesús María,8.068
14,Jalisco,049,Jilotlán de los Dolores,7.078
14,Jalisco,050,Jocotepec,4.089
14,Jalisco,051,Juanacatlán,2.675
14,Jalisco,052,Juchitlán,8.38
14,Jalisco,053,Lagos de Moreno,6.087
14,Jalisco,054,El Limón,9.303
14,Jalisco,055,Magdalena,5.208
14,Jalisco,056,Santa María del Oro,6.03
14,Jalisco,057,La Manzanilla de la Paz,9.429
14,Jalisco,058,Mascota,8.104
14,Jalisco,059,Mazamitla,5.288
14,Jalisco,060,Mexticacán,10.325
14,Jalisco,061,Mezquitic,3.194
14,Jalisco,062,Mixtlán,11.69
14,Jalisco,063,Ocotlán,2.388
14,Jalisco,064,Ojuelos de Jalisco,8.168
14,Jalisco,065,Pihuamo,7.55
14,Jalisco,066,Poncitlán,4.3
14,Jalisco,067,Puerto Vallarta,1.603
14,Jalisco,068,Villa Purificación,9.469
14,Jalisco,069,Quitupan,9.018
14,Jalisco,070,El Salto,1.834
14,Jalisco,071,San Cristóbal de la Barranca,8.008
14,Jalisco,072,San Diego de Alejandría,9.088
14,Jalisco,073,San Juan de los Lagos,4.492
14,Jalisco,074,San Julián,9.073
14,Jalisco,075,San Marcos,3.168
14,Jalisco,076,San Martín de Bolaños,5.357
14,Jalisco,077,San Martín Hidalgo,7.668
14,Jalisco,078,San Miguel el Alto,5.662
14,Jalisco,079,Gómez Farías,4.491
14,Jalisco,080,San Sebastián del Oeste,7.5
14,Jalisco,081,Santa María de los Ángeles,10.409
14,Jalisco,082,Sayula,3.4
14,Jalisco,083,Tala,3.308
14,Jalisco,084,Talpa de Allende,3.69
14,Jalisco,085,Tamazula de Gordiano,5.949
14,Jalisco,086,Tapalpa,3.113
14,Jalisco,087,Tecalitlán,7.157
14,Jalisco,088,Tecolotlán,5.267
14,Jalisco,089,Techaluta de Montenegro,7.788
14,Jalisco,090,Tenamaxtlán,5.882
14,Jalisco,091,Teocaltiche,9.243
14,Jalisco,092,Teocuitatlán de Corona,7.409
14,Jalisco,093,Tepatitlán de Morelos,4.265
14,Jalisco,094,Tequila,2.651
14,Jalisco,095,Teuchitlán,7.124
14,Jalisco,096,Tizapán el Alto,8.231
14,Jalisco,097,Tlajomulco de Zúñiga,1.128
14,Jalisco,098,San Pedro Tlaquepaque,1.163
14,Jalisco,099,Tolimán,9.548
14,Jalisco,100,Tomatlán,4.393
14,Jalisco,101,Tonalá,1.821
14,Jalisco,102,Tonaya,9.183
14,Jalisco,103,Tonila,2.954
14,Jalisco,104,Totatiche,9.221
14,Jalisco,105,Tototlán,6.692
14,Jalisco,106,Tuxcacuesco,7.419
14,Jalisco,107,Tuxcueca,4.649
14,Jalisco,108,Tuxpan,2.863
14,Jalisco,109,Unión de San Antonio,8.449
14,Jalisco,110,Unión de Tula,6.387
14,Jalisco,111,Valle de Guadalupe,7.703
14,Jalisco,112,Valle de Juárez,9.751
14,Jalisco,113,San Gabriel,8.691
14,Jalisco,114,Villa Corona,5.319
14,Jalisco,115,Villa Guerrero,8.732
14,Jalisco,116,Villa Hidalgo,8.198
14,Jalisco,117,Cañadas de Obregón,13.762
14,Jalisco,118,Yahualica de González Gallo,8.568
14,Jalisco,119,Zacoalco de Torres,5.872
14,Jalisco,120,Zapopan,1.493
14,Jalisco,121,Zapotiltic,3.39
14,Jalisco,122,Zapotitlán de Vadillo,6.38
14,Jalisco,123,Zapotlán del Rey,7.541
14,Jalisco,124,Zapotlanejo,5.358
14,Jalisco,125,San Ignacio Cerro Gordo,4.85
15,México,001,Acambay de Ruíz Castañeda,3.3
15,México,002,Acolman,1.462
15,México,003,Aculco,0.872
15,México,004,Almoloya de Alquisiras,5.81
15,México,005,Almoloya de Juárez,0.615
15,México,006,Almoloya del Río,2.239
15,México,007,Amanalco,1.147
15,México,008,Amatepec,6.869
15,México,009,Amecameca,0.536
15,México,010,Apaxco,0.612
15,México,011,Atenco,0.635
15,México,012,Atizapán,1.052
15,México,013,Atizapán de Zaragoza,0.911
15,México,014,Atlacomulco,1.415
15,México,015,Atlautla,2.345
15,México,016,Axapusco,0.603
15,México,017,Ayapango,0.558
15,México,018,Calimaya,0.512
15,México,019,Capulhuac,0.915
15,México,020,Coacalco de Berriozábal,0.609
15,México,021,Coatepec Harinas,7.389
15,México,022,Cocotitlán,0.321
15,México,023,Coyotepec,0.686
15,México,024,Cuautitlán,0.7
15,México,025,Chalco,0.741
15,México,026,Chapa de Mota,1.095
15,México,027,Chapultepec,0.325
15,México,028,Chiautla,0.276
15,México,029,Chicoloapan,1.347
15,México,030,Chiconcuac,0.402
15,México,031,Chimalhuacán,1.234
15,México,032,Donato Guerra,1.016
15,México,033,Ecatepec de Morelos,0.927
15,México,034,Ecatzingo,2.271
15,México,035,Huehuetoca,0.281
15,México,036,Hueypoxtla,0.608
15,México,037,Huixquilucan,0.735
15,México,038,Isidro Fabela,0.92
15,México,039,Ixtapaluca,1.145
15,México,040,Ixtapan de la Sal,5.468
15,México,041,Ixtapan del Oro,2.247
15,México,042,Ixtlahuaca,0.848
15,México,043,Xalatlaco,0.648
15,México,044,Jaltenco,0.64
15,México,045,Jilotepec,1.33
15,México,046,Jilotzingo,0.46
15,México,047,Jiquipilco,1.144
15,México,048,Jocotitlán,2.724
15,México,049,Joquicingo,4.337
15,México,050,Juchitepec,0.785
15,México,051,Lerma,0.499
15,México,052,Malinalco,4.86
15,México,053,Melchor Ocampo,0.397
15,México,054,Metepec,0.565
15,México,055,Mexicaltzingo,0.515
15,México,056,Morelos,2.385
15,México,057,Naucalpan de Juárez,0.645
15,México,058,Nezahualcóyotl,0.752
15,México,059,Nextlalpan,0.303
15,México,060,Nicolás Romero,1.32
15,México,061,Nopaltepec,0.714
15,México,062,Ocoyoacac,0.495
15,México,063,Ocuilan,4.329
15,México,064,El Oro,2.448
15,México,065,Otumba,1.26
15,México,066,Otzoloapan,3.277
15,México,067,Otzolotepec,0.248
15,México,068,Ozumba,1.869
15,México,069,Papalotla,0.236
15,México,070,La Paz,1.277
15,México,071,Polotitlán,1.396
15,México,072,Rayón,0.333
15,México,073,San Antonio la Isla,1.027
15,México,074,San Felipe del Progreso,1.204
15,México,075,San Martín de las Pirámides,0.788
15,México,076,San Mateo Atenco,0.587
15,México,077,San Simón de Guerrero,4.43
15,México,078,Santo Tomás,3.511
15,México,079,Soyaniquilpan de Juárez,2.08
15,México,080,Sultepec,3.647
15,México,081,Tecámac,0.968
15,México,082,Tejupilco,5.015
15,México,083,Temamatla,0.865
15,México,084,Temascalapa,0.813
15,México,085,Temascalcingo,3.385
15,México,086,Temascaltepec,2.519
15,México,087,Temoaya,0.26
15,México,088,Tenancingo,1.463
15,México,089,Tenango del Aire,0.444
15,México,090,Tenango del Valle,2.143
15,México,091,Teoloyucan,0.65
15,México,092,Teotihuacán,0.656
15,México,093,Tepetlaoxtoc,0.758
15,México,094,Tepetlixpa,1.74
15,México,095,Tepotzotlán,0.844
15,México,096,Tequixquiac,0.305
15,México,097,Texcaltitlán,4.219
15,México,098,Texcalyacac,0.586
15,México,099,Texcoco,0.869
15,México,100,Tezoyuca,0.588
15,México,101,Tianguistenco,1.416
15,México,102,Timilpan,2.623
15,México,103,Tlalmanalco,1.125
15,México,104,Tlalnepantla de Baz,0.692
15,México,105,Tlatlaya,8.869
15,México,106,Toluca,0.612
15,México,107,Tonatico,4.863
15,México,108,Tultepec,0.816
15,México,109,Tultitlán,0.911
15,México,110,Valle de Bravo,1.524
15,México,111,Villa de Allende,2.077
15,México,112,Villa del Carbón,0.825
15,México,113,Villa Guerrero,2.548
15,México,114,Villa Victoria,2.55
15,México,115,Xonacatlán,0.638
15,México,116,Zacazonapan,2.503
15,México,117,Zacualpan,4.12
15,México,118,Zinacantepec,0.729
15,México,119,Zumpahuacán,9.054
15,México,120,Zumpango,0.723
15,México,121,Cuautitlán Izcalli,0.95
15,México,122,Valle de Chalco Solidaridad,1.397
15,México,123,Luvianos,9.812
15,México,124,San José del Rincón,1.828
15,México,125,Tonanitla,0.819
16,Michoacán de Ocampo,001,Acuitzio,4.578
16,Michoacán de Ocampo,002,Aguililla,8.566
16,Michoacán de Ocampo,003,Álvaro Obregón,11.612
16,Michoacán de Ocampo,004,Angamacutiro,8.133
16,Michoacán de Ocampo,005,Angangueo,2.682
16,Michoacán de Ocampo,006,Apatzingán,5.381
16,Michoacán de Ocampo,007,Aporo,7.147
16,Michoacán de Ocampo,008,Aquila,4.479
16,Michoacán de Ocampo,009,Ario,2.918
16,Michoacán de Ocampo,010,Arteaga,2.216
16,Michoacán de Ocampo,011,Briseñas,7.851
16,Michoacán de Ocampo,012,Buenavista,5.037
16,Michoacán de Ocampo,013,Carácuaro,9.375
16,Michoacán de Ocampo,014,Coahuayana,3.58
16,Michoacán de Ocampo,015,Coalcomán de Vázquez Pallares,5.248
16,Michoacán de Ocampo,016,Coeneo,13.154
16,Michoacán de Ocampo,017,Contepec,5.876
16,Michoacán de Ocampo,018,Copándaro,13.722
16,Michoacán de Ocampo,019,Cotija,11.039
16,Michoacán de Ocampo,020,Cuitzeo,6.703
16,Michoacán de Ocampo,021,Charapan,5.321
16,Michoacán de Ocampo,022,Charo,9.007
16,Michoacán de Ocampo,023,Chavinda,11.12
16,Michoacán de Ocampo,024,Cherán,5.348
16,Michoacán de Ocampo,025,Chilchota,3.43
16,Michoacán de Ocampo,026,Chinicuila,8.048
16,Michoacán de Ocampo,027,Chucándiro,18.696
16,Michoacán de Ocampo,028,Churintzio,10.638
16,Michoacán de Ocampo,029,Churumuco,6.476
16,Michoacán de Ocampo,030,Ecuandureo,11.994
16,Michoacán de Ocampo,031,Epitacio Huerta,5.869
16,Michoacán de Ocampo,032,Erongarícuaro,8.088
16,Michoacán de Ocampo,033,Gabriel Zamora,3.802
16,Michoacán de Ocampo,034,Hidalgo,5.181
16,Michoacán de Ocampo,035,La Huacana,5.045
16,Michoacán de Ocampo,036,Huandacareo,12.64
16,Michoacán de Ocampo,037,Huaniqueo,13.967
16,Michoacán de Ocampo,038,Huetamo,8.104
16,Michoacán de Ocampo,039,Huiramba,4.083
16,Michoacán de Ocampo,040,Indaparapeo,6.697
16,Michoacán de Ocampo,041,Irimbo,7.203
16,Michoacán de Ocampo,042,Ixtlán,9.449
16,Michoacán de Ocampo,043,Jacona,4.847
16,Michoacán de Ocampo,044,Jiménez,11.745
16,Michoacán de Ocampo,045,Jiquilpan,6.826
16,Michoacán de Ocampo,046,Juárez,5.842
16,Michoacán de Ocampo,047,Jungapeo,9.187
16,Michoacán de Ocampo,048,Lagunillas,11.039
16,Michoacán de Ocampo,049,Madero,5.117
16,Michoacán de Ocampo,050,Maravatío,5.683
16,Michoacán de Ocampo,051,Marcos Castellanos,9.012
16,Michoacán de Ocampo,052,Lázaro Cárdenas,2.629
16,Michoacán de Ocampo,053,Morelia,2.891
16,Michoacán de Ocampo,054,Morelos,18.97
16,Michoacán de Ocampo,055,Múgica,6.497
16,Michoacán de Ocampo,056,Nahuatzen,3.888
16,Michoacán de Ocampo,057,Nocupétaro,7.51
16,Michoacán de Ocampo,058,Nuevo Parangaricutiro,5.269
16,Michoacán de Ocampo,059,Nuevo Urecho,4.488
16,Michoacán de Ocampo,060,Numarán,6.661
16,Michoacán de Ocampo,061,Ocampo,2.491
16,Michoacán de Ocampo,062,Pajacuarán,13.091
16,Michoacán de Ocampo,063,Panindícuaro,10.231
16,Michoacán de Ocampo,064,Parácuaro,6.907
16,Michoacán de Ocampo,065,Paracho,6.215
16,Michoacán de Ocampo,066,Pátzcuaro,4.118
16,Michoacán de Ocampo,067,Penjamillo,10.585
16,Michoacán de Ocampo,068,Peribán,2.967
16,Michoacán de Ocampo,069,La Piedad,5.12
16,Michoacán de Ocampo,070,Purépero,7.019
16,Michoacán de Ocampo,071,Puruándiro,13.077
16,Michoacán de Ocampo,072,Queréndaro,10.653
16,Michoacán de Ocampo,073,Quiroga,5.753
16,Michoacán de Ocampo,074,Cojumatlán de Régules,9.065
16,Michoacán de Ocampo,075,Los Reyes,3.355
16,Michoacán de Ocampo,076,Sahuayo,3.145
16,Michoacán de Ocampo,077,San Lucas,7.849
16,Michoacán de Ocampo,078,Santa Ana Maya,8.016
16,Michoacán de Ocampo,079,Salvador Escalante,5.46
16,Michoacán de Ocampo,080,Senguio,5.472
16,Michoacán de Ocampo,081,Susupuato,5.239
16,Michoacán de Ocampo,082,Tacámbaro,6.012
16,Michoacán de Ocampo,083,Tancítaro,3.802
16,Michoacán de Ocampo,084,Tangamandapio,7.483
16,Michoacán de Ocampo,085,Tangancícuaro,7.045
16,Michoacán de Ocampo,086,Tanhuato,4.428
16,Michoacán de Ocampo,087,Taretan,4.482
16,Michoacán de Ocampo,088,Tarímbaro,2.618
16,Michoacán de Ocampo,089,Tepalcatepec,5.251
16,Michoacán de Ocampo,090,Tingambato,2.093
16,Michoacán de Ocampo,091,Tingüindín,5.655
16,Michoacán de Ocampo,092,Tiquicheo de Nicolás Romero,11.481
16,Michoacán de Ocampo,093,Tlalpujahua,3.799
16,Michoacán de Ocampo,094,Tlazazalca,9.462
16,Michoacán de Ocampo,095,Tocumbo,3.835
16,Michoacán de Ocampo,096,Tumbiscatío,4.639
16,Michoacán de Ocampo,097,Turicato,5.392
16,Michoacán de Ocampo,098,Tuxpan,7.389
16,Michoacán de Ocampo,099,Tuzantla,8.529
16,Michoacán de Ocampo,100,Tzintzuntzan,4.862
16,Michoacán de Ocampo,101,Tzitzio,6.308
16,Michoacán de Ocampo,102,Uruapan,2.797
16,Michoacán de Ocampo,103,Venustiano Carranza,11.791
16,Michoacán de Ocampo,104,Villamar,10.54
16,Michoacán de Ocampo,105,Vista Hermosa,6.271
16,Michoacán de Ocampo,106,Yurécuaro,3.232
16,Michoacán de Ocampo,107,Zacapu,4.31
16,Michoacán de Ocampo,108,Zamora,4.291
16,Michoacán de Ocampo,109,Zináparo,9.452
16,Michoacán de Ocampo,110,Zinapécuaro,
16,Michoacán de Ocampo,111,Ziracuaretiro,
16,Michoacán de Ocampo,112,Zitácuaro,
16,Michoacán de Ocampo,113,José Sixto Verduzco,
17,Morelos,001,Amacuzac,6.586
17,Morelos,002,Atlatlahucan,2.671
17,Morelos,003,Axochiapan,5.417
17,Morelos,004,Ayala,4.087
17,Morelos,005,Coatlán del Río,5.868
17,Morelos,006,Cuautla,3.445
17,Morelos,007,Cuernavaca,1.849
17,Morelos,008,Emiliano Zapata,2.295
17,Morelos,009,Huitzilac,0.51
17,Morelos,010,Jantetelco,5.276
17,Morelos,011,Jiutepec,2.043
17,Morelos,012,Jojutla,2.999
17,Morelos,013,Jonacatepec de Leandro Valle,5.828
17,Morelos,014,Mazatepec,4.526
17,Morelos,015,Miacatlán,6.832
17,Morelos,016,Ocuituco,3.892
17,Morelos,017,Puente de Ixtla,3.082
17,Morelos,018,Temixco,2.541
17,Morelos,019,Tepalcingo,7.98
17,Morelos,020,Tepoztlán,3.268
17,Morelos,021,Tetecala,4.236
17,Morelos,022,Tetela del Volcán,6.003
17,Morelos,023,Tlalnepantla,0.515
17,Morelos,024,Tlaltizapán de Zapata,5.623
17,Morelos,025,Tlaquiltenango,5.242
17,Morelos,026,Tlayacapan,1.291
17,Morelos,027,Totolapan,2.167
17,Morelos,028,Xochitepec,3.66
17,Morelos,029,Yautepec,3.998
17,Morelos,030,Yecapixtla,2.675
17,Morelos,031,Zacatepec,3.359
17,Morelos,032,Zacualpan de Amilpas,6.296
17,Morelos,033,Temoac,3.7
17,Morelos,034,Coatetelco,
17,Morelos,035,Xoxocotla,
17,Morelos,036,Hueyapan,
18,Nayarit,001,Acaponeta,2.907
18,Nayarit,002,Ahuacatlán,11.595
18,Nayarit,003,Amatlán de Cañas,8.819
18,Nayarit,004,Compostela,7.984
18,Nayarit,005,Huajicori,1.739
18,Nayarit,006,Ixtlán del Río,5.86
18,Nayarit,007,Jala,7.98
18,Nayarit,008,Xalisco,3.505
18,Nayarit,009,Del Nayar,1.345
18,Nayarit,010,Rosamorada,6.227
18,Nayarit,011,Ruíz,4.444
18,Nayarit,012,San Blas,5.688
18,Nayarit,013,San Pedro Lagunillas,8.448
18,Nayarit,014,Santa María del Oro,4.375
18,Nayarit,015,Santiago Ixcuintla,6.834
18,Nayarit,016,Tecuala,3.669
18,Nayarit,017,Tepic,3.368
18,Nayarit,018,Tuxpan,4.884
18,Nayarit,019,La Yesca,2.123
18,Nayarit,020,Bahía de Banderas,2.106
19,Nuevo León,001,Abasolo,0.953
19,Nuevo León,002,Agualeguas,1.784
19,Nuevo León,003,Los Aldamas,1.731
19,Nuevo León,004,Allende,1.053
19,Nuevo León,005,Anáhuac,3.541
19,Nuevo León,006,Apodaca,0.694
19,Nuevo León,007,Aramberri,0.647
19,Nuevo León,008,Bustamante,1.195
19,Nuevo León,009,Cadereyta Jiménez,1.113
19,Nuevo León,010,El Carmen,0.4
19,Nuevo León,011,Cerralvo,2.832
19,Nuevo León,012,Ciénega de Flores,1.422
19,Nuevo León,013,China,0.708
19,Nuevo León,014,Doctor Arroyo,3.168
19,Nuevo León,015,Doctor Coss,1.661
19,Nuevo León,016,Doctor González,1.865
19,Nuevo León,017,Galeana,1.101
19,Nuevo León,018,García,0.596
19,Nuevo León,019,San Pedro Garza García,0.895
19,Nuevo León,020,General Bravo,1.546
19,Nuevo León,021,General Escobedo,0.735
19,Nuevo León,022,General Terán,1.756
19,Nuevo León,023,General Treviño,4.09
19,Nuevo León,024,General Zaragoza,0.289
19,Nuevo León,025,General Zuazua,0.808
19,Nuevo León,026,Guadalupe,0.659
19,Nuevo León,027,Los Herreras,3.601
19,Nuevo León,028,Higueras,1.513
19,Nuevo León,029,Hualahuises,3.337
19,Nuevo León,030,Iturbide,0.185
19,Nuevo León,031,Juárez,0.769
19,Nuevo León,032,Lampazos de Naranjo,2.172
19,Nuevo León,033,Linares,1.456
19,Nuevo León,034,Marín,0.879
19,Nuevo León,035,Melchor Ocampo,4.152
19,Nuevo León,036,Mier y Noriega,2.853
19,Nuevo León,037,Mina,0.595
19,Nuevo León,038,Montemorelos,2.305
19,Nuevo León,039,Monterrey,0.594
19,Nuevo León,040,Parás,2.681
19,Nuevo León,041,Pesquería,0.128
19,Nuevo León,042,Los Ramones,1.101
19,Nuevo León,043,Rayones,0.557
19,Nuevo León,044,Sabinas Hidalgo,2.554
19,Nuevo León,045,Salinas Victoria,0.309
19,Nuevo León,046,San Nicolás de los Garza,0.743
19,Nuevo León,047,Hidalgo,0.848
19,Nuevo León,048,Santa Catarina,0.507
19,Nuevo León,049,Santiago,1.343
19,Nuevo León,050,Vallecillo,1.933
19,Nuevo León,051,Villaldama,1.506
20,Oaxaca,001,Abejones,11.914
20,Oaxaca,002,Acatlán de Pérez Figueroa,5.156
20,Oaxaca,003,Asunción Cacalotepec,0.217
20,Oaxaca,004,Asunción Cuyotepeji,8.478
20,Oaxaca,005,Asunción Ixtaltepec,1.642
20,Oaxaca,006,Asunción Nochixtlán,1.84
20,Oaxaca,007,Asunción Ocotlán,7.927
20,Oaxaca,008,Asunción Tlacolulita,1.03
20,Oaxaca,009,Ayotzintepec,3.749
20,Oaxaca,010,El Barrio de la Soledad,0.645
20,Oaxaca,011,Calihualá,7.936
20,Oaxaca,012,Candelaria Loxicha,3.19
20,Oaxaca,013,Ciénega de Zimatlán,8.559
20,Oaxaca,014,Ciudad Ixtepec,0.756
20,Oaxaca,015,Coatecas Altas,10.184
20,Oaxaca,016,Coicoyán de las Flores,6.768
20,Oaxaca,017,La Compañía,8.968
20,Oaxaca,018,Concepción Buenavista,1.811
20,Oaxaca,019,Concepción Pápalo,1.554
20,Oaxaca,020,Constancia del Rosario,4.414
20,Oaxaca,021,Cosolapa,2.523
20,Oaxaca,022,Cosoltepec,1.579
20,Oaxaca,023,Cuilápam de Guerrero,2.146
20,Oaxaca,024,Cuyamecalco Villa de Zaragoza,0.907
20,Oaxaca,025,Chahuites,1.098
20,Oaxaca,026,Chalcatongo de Hidalgo,3.641
20,Oaxaca,027,Chiquihuitlán de Benito Juárez,0.413
20,Oaxaca,028,Heroica Ciudad de Ejutla de Crespo,4.58
20,Oaxaca,029,Eloxochitlán de Flores Magón,0.047
20,Oaxaca,030,El Espinal,0.488
20,Oaxaca,031,Tamazulápam del Espíritu Santo,4.532
20,Oaxaca,032,Fresnillo de Trujano,13.355
20,Oaxaca,033,Guadalupe Etla,2.304
20,Oaxaca,034,Guadalupe de Ramírez,3.469
20,Oaxaca,035,Guelatao de Juárez,3.442
20,Oaxaca,036,Guevea de Humboldt,0.761
20,Oaxaca,037,Mesones Hidalgo,12.715
20,Oaxaca,038,Villa Hidalgo,2.48
20,Oaxaca,039,Heroica Ciudad de Huajuapan de León,6.25
20,Oaxaca,040,Huautepec,0.055
20,Oaxaca,041,Huautla de Jiménez,0.056
20,Oaxaca,042,Ixtlán de Juárez,2.192
20,Oaxaca,043,Juchitán de Zaragoza,0.585
20,Oaxaca,044,Loma Bonita,3.059
20,Oaxaca,045,Magdalena Apasco,2.433
20,Oaxaca,046,Magdalena Jaltepec,5.348
20,Oaxaca,047,Santa Magdalena Jicotlán,2.344
20,Oaxaca,048,Magdalena Mixtepec,4.203
20,Oaxaca,049,Magdalena Ocotlán,6.841
20,Oaxaca,050,Magdalena Peñasco,5.322
20,Oaxaca,051,Magdalena Teitipac,11.941
20,Oaxaca,052,Magdalena Tequisistlán,6.377
20,Oaxaca,053,Magdalena Tlacotepec,0.388
20,Oaxaca,054,Magdalena Zahuatlán,1.8
20,Oaxaca,055,Mariscala de Juárez,8.357
20,Oaxaca,056,Mártires de Tacubaya,1.252
20,Oaxaca,057,Matías Romero Avendaño,0.856
20,Oaxaca,058,Mazatlán Villa de Flores,0.149
20,Oaxaca,059,Miahuatlán de Porfirio Díaz,2.689
20,Oaxaca,060,Mixistlán de la Reforma,3.673
20,Oaxaca,061,Monjas,8.465
20,Oaxaca,062,Natividad,5.469
20,Oaxaca,063,Nazareno Etla,2.389
20,Oaxaca,064,Nejapa de Madero,4.982
20,Oaxaca,065,Ixpantepec Nieves,11.447
20,Oaxaca,066,Santiago Niltepec,1.091
20,Oaxaca,067,Oaxaca de Juárez,1.696
20,Oaxaca,068,Ocotlán de Morelos,2.786
20,Oaxaca,069,La Pe,2.891
20,Oaxaca,070,Pinotepa de Don Luis,1.238
20,Oaxaca,071,Pluma Hidalgo,2.222
20,Oaxaca,072,San José del Progreso,1.985
20,Oaxaca,073,Putla Villa de Guerrero,7.083
20,Oaxaca,074,Santa Catarina Quioquitani,3.782
20,Oaxaca,075,Reforma de Pineda,1.579
20,Oaxaca,076,La Reforma,14.097
20,Oaxaca,077,Reyes Etla,1.365
20,Oaxaca,078,Rojas de Cuauhtémoc,4.047
20,Oaxaca,079,Salina Cruz,0.93
20,Oaxaca,080,San Agustín Amatengo,2.164
20,Oaxaca,081,San Agustín Atenango,16.924
20,Oaxaca,082,San Agustín Chayuco,8.31
20,Oaxaca,083,San Agustín de las Juntas,2.177
20,Oaxaca,084,San Agustín Etla,2.662
20,Oaxaca,085,San Agustín Loxicha,2.369
20,Oaxaca,086,San Agustín Tlacotepec,2.838
20,Oaxaca,087,San Agustín Yatareni,3.445
20,Oaxaca,088,San Andrés Cabecera Nueva,5.928
20,Oaxaca,089,San Andrés Dinicuiti,3.032
20,Oaxaca,090,San Andrés Huaxpaltepec,4.529
20,Oaxaca,091,San Andrés Huayápam,1.357
20,Oaxaca,092,San Andrés Ixtlahuaca,5.342
20,Oaxaca,093,San Andrés Lagunas,2.288
20,Oaxaca,094,San Andrés Nuxiño,0.448
20,Oaxaca,095,San Andrés Paxtlán,2.308
20,Oaxaca,096,San Andrés Sinaxtla,3.046
20,Oaxaca,097,San Andrés Solaga,10.455
20,Oaxaca,098,San Andrés Teotilálpam,3.227
20,Oaxaca,099,San Andrés Tepetlapa,7.328
20,Oaxaca,100,San Andrés Yaá,10.38
20,Oaxaca,101,San Andrés Zabache,9.211
20,Oaxaca,102,San Andrés Zautla,2.274
20,Oaxaca,103,San Antonino Castillo Velasco,0.813
20,Oaxaca,104,San Antonino el Alto,3.478
20,Oaxaca,105,San Antonino Monte Verde,5.576
20,Oaxaca,106,San Antonio Acutla,0.827
20,Oaxaca,107,San Antonio de la Cal,2.29
20,Oaxaca,108,San Antonio Huitepec,3.754
20,Oaxaca,109,San Antonio Nanahuatípam,4.298
20,Oaxaca,110,San Antonio Sinicahua,3.178
20,Oaxaca,111,San Antonio Tepetlapa,4.069
20,Oaxaca,112,San Baltazar Chichicápam,4.414
20,Oaxaca,113,San Baltazar Loxicha,6.197
20,Oaxaca,114,San Baltazar Yatzachi el Bajo,8.628
20,Oaxaca,115,San Bartolo Coyotepec,1.555
20,Oaxaca,116,San Bartolomé Ayautla,0.025
20,Oaxaca,117,San Bartolomé Loxicha,3.139
20,Oaxaca,118,San Bartolomé Quialana,20.91
20,Oaxaca,119,San Bartolomé Yucuañe,1.477
20,Oaxaca,120,San Bartolomé Zoogocho,2.672
20,Oaxaca,121,San Bartolo Soyaltepec,2.812
20,Oaxaca,122,San Bartolo Yautepec,1.617
20,Oaxaca,123,San Bernardo Mixtepec,7.983
20,Oaxaca,124,San Blas Atempa,0.524
20,Oaxaca,125,San Carlos Yautepec,1.79
20,Oaxaca,126,San Cristóbal Amatlán,5.118
20,Oaxaca,127,San Cristóbal Amoltepec,1.449
20,Oaxaca,128,San Cristóbal Lachirioag,9.502
20,Oaxaca,129,San Cristóbal Suchixtlahuaca,2.32
20,Oaxaca,130,San Dionisio del Mar,1.434
20,Oaxaca,131,San Dionisio Ocotepec,5.754
20,Oaxaca,132,San Dionisio Ocotlán,3.205
20,Oaxaca,133,San Esteban Atatlahuca,2.424
20,Oaxaca,134,San Felipe Jalapa de Díaz,0.434
20,Oaxaca,135,San Felipe Tejalápam,6.601
20,Oaxaca,136,San Felipe Usila,0.846
20,Oaxaca,137,San Francisco Cahuacuá,1.649
20,Oaxaca,138,San Francisco Cajonos,7.147
20,Oaxaca,139,San Francisco Chapulapa,1.246
20,Oaxaca,140,San Francisco Chindúa,1.187
20,Oaxaca,141,San Francisco del Mar,0.891
20,Oaxaca,142,San Francisco Huehuetlán,0.145
20,Oaxaca,143,San Francisco Ixhuatán,0.997
20,Oaxaca,144,San Francisco Jaltepetongo,4.462
20,Oaxaca,145,San Francisco Lachigoló,3.027
20,Oaxaca,146,San Francisco Logueche,4.883
20,Oaxaca,147,San Francisco Nuxaño,0
20,Oaxaca,148,San Francisco Ozolotepec,12.438
20,Oaxaca,149,San Francisco Sola,3.5
20,Oaxaca,150,San Francisco Telixtlahuaca,1.991
20,Oaxaca,151,San Francisco Teopan,0.676
20,Oaxaca,152,San Francisco Tlapancingo,9.764
20,Oaxaca,153,San Gabriel Mixtepec,1.868
20,Oaxaca,154,San Ildefonso Amatlán,5.354
20,Oaxaca,155,San Ildefonso Sola,2.428
20,Oaxaca,156,San Ildefonso Villa Alta,7.037
20,Oaxaca,157,San Jacinto Amilpas,1.832
20,Oaxaca,158,San Jacinto Tlacotepec,2.434
20,Oaxaca,159,San Jerónimo Coatlán,3.615
20,Oaxaca,160,San Jerónimo Silacayoapilla,8.299
20,Oaxaca,161,San Jerónimo Sosola,2.702
20,Oaxaca,162,San Jerónimo Taviche,3.879
20,Oaxaca,163,San Jerónimo Tecóatl,0
20,Oaxaca,164,San Jorge Nuchita,10.379
20,Oaxaca,165,San José Ayuquila,7.617
20,Oaxaca,166,San José Chiltepec,5.315
20,Oaxaca,167,San José del Peñasco,2.8
20,Oaxaca,168,San José Estancia Grande,7.278
20,Oaxaca,169,San José Independencia,0.084
20,Oaxaca,170,San José Lachiguiri,1.357
20,Oaxaca,171,San José Tenango,0.073
20,Oaxaca,172,San Juan Achiutla,0.822
20,Oaxaca,173,San Juan Atepec,3.539
20,Oaxaca,174,Ánimas Trujano,1.012
20,Oaxaca,175,San Juan Bautista Atatlahuca,6.824
20,Oaxaca,176,San Juan Bautista Coixtlahuaca,1.035
20,Oaxaca,177,San Juan Bautista Cuicatlán,2.22
20,Oaxaca,178,San Juan Bautista Guelache,1.766
20,Oaxaca,179,San Juan Bautista Jayacatlán,4.765
20,Oaxaca,180,San Juan Bautista Lo de Soto,7.828
20,Oaxaca,181,San Juan Bautista Suchitepec,1.541
20,Oaxaca,182,San Juan Bautista Tlacoatzintepec,0.362
20,Oaxaca,183,San Juan Bautista Tlachichilco,7.635
20,Oaxaca,184,San Juan Bautista Tuxtepec,2.059
20,Oaxaca,185,San Juan Cacahuatepec,1.218
20,Oaxaca,186,San Juan Cieneguilla,12.818
20,Oaxaca,187,San Juan Coatzóspam,1.464
20,Oaxaca,188,San Juan Colorado,1.808
20,Oaxaca,189,San Juan Comaltepec,2.794
20,Oaxaca,190,San Juan Cotzocón,3.962
20,Oaxaca,191,San Juan Chicomezúchil,4.592
20,Oaxaca,192,San Juan Chilateca,4.489
20,Oaxaca,193,San Juan del Estado,7.868
20,Oaxaca,194,San Juan del Río,11.736
20,Oaxaca,195,San Juan Diuxi,1.357
20,Oaxaca,196,San Juan Evangelista Analco,4.724
20,Oaxaca,197,San Juan Guelavía,4.745
20,Oaxaca,198,San Juan Guichicovi,0.805
20,Oaxaca,199,San Juan Ihualtepec,5.288
20,Oaxaca,200,San Juan Juquila Mixes,4.293
20,Oaxaca,201,San Juan Juquila Vijanos,2.317
20,Oaxaca,202,San Juan Lachao,8.906
20,Oaxaca,203,San Juan Lachigalla,8.351
20,Oaxaca,204,San Juan Lajarcia,12.252
20,Oaxaca,205,San Juan Lalana,3.866
20,Oaxaca,206,San Juan de los Cués,2.206
20,Oaxaca,207,San Juan Mazatlán,4.749
20,Oaxaca,208,San Juan Mixtepec,14.949
20,Oaxaca,209,San Juan Mixtepec,3.836
20,Oaxaca,210,San Juan Ñumí,8.012
20,Oaxaca,211,San Juan Ozolotepec,1.295
20,Oaxaca,212,San Juan Petlapa,0.935
20,Oaxaca,213,San Juan Quiahije,22.073
20,Oaxaca,214,San Juan Quiotepec,17.49
20,Oaxaca,215,San Juan Sayultepec,1.54
20,Oaxaca,216,San Juan Tabaá,7.088
20,Oaxaca,217,San Juan Tamazola,1.933
20,Oaxaca,218,San Juan Teita,5.161
20,Oaxaca,219,San Juan Teitipac,6.378
20,Oaxaca,220,San Juan Tepeuxila,0.663
20,Oaxaca,221,San Juan Teposcolula,1.113
20,Oaxaca,222,San Juan Yaeé,1.088
20,Oaxaca,223,San Juan Yatzona,6.048
20,Oaxaca,224,San Juan Yucuita,3.483
20,Oaxaca,225,San Lorenzo,1.907
20,Oaxaca,226,San Lorenzo Albarradas,6.647
20,Oaxaca,227,San Lorenzo Cacaotepec,1.413
20,Oaxaca,228,San Lorenzo Cuaunecuiltitla,0
20,Oaxaca,229,San Lorenzo Texmelúcan,3.999
20,Oaxaca,230,San Lorenzo Victoria,10.681
20,Oaxaca,231,San Lucas Camotlán,0.307
20,Oaxaca,232,San Lucas Ojitlán,1.97
20,Oaxaca,233,San Lucas Quiaviní,20.704
20,Oaxaca,234,San Lucas Zoquiápam,0.07
20,Oaxaca,235,San Luis Amatlán,6.798
20,Oaxaca,236,San Marcial Ozolotepec,1.677
20,Oaxaca,237,San Marcos Arteaga,11.288
20,Oaxaca,238,San Martín de los Cansecos,2.688
20,Oaxaca,239,San Martín Huamelúlpam,4.588
20,Oaxaca,240,San Martín Itunyoso,8.685
20,Oaxaca,241,San Martín Lachilá,11.056
20,Oaxaca,242,San Martín Peras,12.76
20,Oaxaca,243,San Martín Tilcajete,8.179
20,Oaxaca,244,San Martín Toxpalan,1.093
20,Oaxaca,245,San Martín Zacatepec,7.656
20,Oaxaca,246,San Mateo Cajonos,4.726
20,Oaxaca,247,Capulálpam de Méndez,2.001
20,Oaxaca,248,San Mateo del Mar,0.41
20,Oaxaca,249,San Mateo Yoloxochitlán,0.03
20,Oaxaca,250,San Mateo Etlatongo,1.855
20,Oaxaca,251,San Mateo Nejápam,8.704
20,Oaxaca,252,San Mateo Peñasco,4.995
20,Oaxaca,253,San Mateo Piñas,1.554
20,Oaxaca,254,San Mateo Río Hondo,2.587
20,Oaxaca,255,San Mateo Sindihui,9.296
20,Oaxaca,256,San Mateo Tlapiltepec,1.791
20,Oaxaca,257,San Melchor Betaza,5.849
20,Oaxaca,258,San Miguel Achiutla,0.833
20,Oaxaca,259,San Miguel Ahuehuetitlán,11.977
20,Oaxaca,260,San Miguel Aloápam,7.222
20,Oaxaca,261,San Miguel Amatitlán,8.075
20,Oaxaca,262,San Miguel Amatlán,5.059
20,Oaxaca,263,San Miguel Coatlán,3.238
20,Oaxaca,264,San Miguel Chicahua,14.357
20,Oaxaca,265,San Miguel Chimalapa,0.975
20,Oaxaca,266,San Miguel del Puerto,2.815
20,Oaxaca,267,San Miguel del Río,4.706
20,Oaxaca,268,San Miguel Ejutla,4.23
20,Oaxaca,269,San Miguel el Grande,1.798
20,Oaxaca,270,San Miguel Huautla,1.438
20,Oaxaca,271,San Miguel Mixtepec,2.346
20,Oaxaca,272,San Miguel Panixtlahuaca,12.017
20,Oaxaca,273,San Miguel Peras,2.73
20,Oaxaca,274,San Miguel Piedras,0.787
20,Oaxaca,275,San Miguel Quetzaltepec,0.646
20,Oaxaca,276,San Miguel Santa Flor,1.82
20,Oaxaca,277,Villa Sola de Vega,4.238
20,Oaxaca,278,San Miguel Soyaltepec,0.956
20,Oaxaca,279,San Miguel Suchixtepec,3.217
20,Oaxaca,280,Villa Talea de Castro,4.729
20,Oaxaca,281,San Miguel Tecomatlán,4.474
20,Oaxaca,282,San Miguel Tenango,3.14
20,Oaxaca,283,San Miguel Tequixtepec,0.408
20,Oaxaca,284,San Miguel Tilquiápam,1.161
20,Oaxaca,285,San Miguel Tlacamama,2.562
20,Oaxaca,286,San Miguel Tlacotepec,8.452
20,Oaxaca,287,San Miguel Tulancingo,0.386
20,Oaxaca,288,San Miguel Yotao,2.56
20,Oaxaca,289,San Nicolás,3.368
20,Oaxaca,290,San Nicolás Hidalgo,12.747
20,Oaxaca,291,San Pablo Coatlán,5.714
20,Oaxaca,292,San Pablo Cuatro Venados,8.008
20,Oaxaca,293,San Pablo Etla,1.896
20,Oaxaca,294,San Pablo Huitzo,4.402
20,Oaxaca,295,San Pablo Huixtepec,7.468
20,Oaxaca,296,San Pablo Macuiltianguis,6.163
20,Oaxaca,297,San Pablo Tijaltepec,19.888
20,Oaxaca,298,San Pablo Villa de Mitla,2.362
20,Oaxaca,299,San Pablo Yaganiza,6.143
20,Oaxaca,300,San Pedro Amuzgos,2.411
20,Oaxaca,301,San Pedro Apóstol,4.104
20,Oaxaca,302,San Pedro Atoyac,3.408
20,Oaxaca,303,San Pedro Cajonos,5.682
20,Oaxaca,304,San Pedro Coxcaltepec Cántaros,0.633
20,Oaxaca,305,San Pedro Comitancillo,0.822
20,Oaxaca,306,San Pedro el Alto,4.093
20,Oaxaca,307,San Pedro Huamelula,1.835
20,Oaxaca,308,San Pedro Huilotepec,1.016
20,Oaxaca,309,San Pedro Ixcatlán,0.149
20,Oaxaca,310,San Pedro Ixtlahuaca,3.123
20,Oaxaca,311,San Pedro Jaltepetongo,3.623
20,Oaxaca,312,San Pedro Jicayán,2.361
20,Oaxaca,313,San Pedro Jocotipac,1.673
20,Oaxaca,314,San Pedro Juchatengo,7.835
20,Oaxaca,315,San Pedro Mártir,5.564
20,Oaxaca,316,San Pedro Mártir Quiechapa,4.937
20,Oaxaca,317,San Pedro Mártir Yucuxaco,1.798
20,Oaxaca,318,San Pedro Mixtepec,2.742
20,Oaxaca,319,San Pedro Mixtepec,1.625
20,Oaxaca,320,San Pedro Molinos,5.503
20,Oaxaca,321,San Pedro Nopala,5.232
20,Oaxaca,322,San Pedro Ocopetatillo,0.11
20,Oaxaca,323,San Pedro Ocotepec,0.658
20,Oaxaca,324,San Pedro Pochutla,3.821
20,Oaxaca,325,San Pedro Quiatoni,4.188
20,Oaxaca,326,San Pedro Sochiápam,4.842
20,Oaxaca,327,San Pedro Tapanatepec,0.869
20,Oaxaca,328,San Pedro Taviche,1.918
20,Oaxaca,329,San Pedro Teozacoalco,2.281
20,Oaxaca,330,San Pedro Teutila,2.985
20,Oaxaca,331,San Pedro Tidaá,1.9
20,Oaxaca,332,San Pedro Topiltepec,1.158
20,Oaxaca,333,San Pedro Totolápam,2.956
20,Oaxaca,334,Villa de Tututepec,5.301
20,Oaxaca,335,San Pedro Yaneri,1.455
20,Oaxaca,336,San Pedro Yólox,18.532
20,Oaxaca,337,San Pedro y San Pablo Ayutla,0.911
20,Oaxaca,338,Villa de Etla,2.593
20,Oaxaca,339,San Pedro y San Pablo Teposcolula,2.492
20,Oaxaca,340,San Pedro y San Pablo Tequixtepec,2.34
20,Oaxaca,341,San Pedro Yucunama,0.758
20,Oaxaca,342,San Raymundo Jalpan,2.466
20,Oaxaca,343,San Sebastián Abasolo,6.218
20,Oaxaca,344,San Sebastián Coatlán,3.091
20,Oaxaca,345,San Sebastián Ixcapa,7.048
20,Oaxaca,346,San Sebastián Nicananduta,4.21
20,Oaxaca,347,San Sebastián Río Hondo,2.094
20,Oaxaca,348,San Sebastián Tecomaxtlahuaca,8.838
20,Oaxaca,349,San Sebastián Teitipac,9.541
20,Oaxaca,350,San Sebastián Tutla,1.416
20,Oaxaca,351,San Simón Almolongas,12.928
20,Oaxaca,352,San Simón Zahuatlán,6.25
20,Oaxaca,353,Santa Ana,5.836
20,Oaxaca,354,Santa Ana Ateixtlahuaca,0.198
20,Oaxaca,355,Santa Ana Cuauhtémoc,0.728
20,Oaxaca,356,Santa Ana del Valle,14.299
20,Oaxaca,357,Santa Ana Tavela,2.867
20,Oaxaca,358,Santa Ana Tlapacoyan,11.424
20,Oaxaca,359,Santa Ana Yareni,7.329
20,Oaxaca,360,Santa Ana Zegache,5.544
20,Oaxaca,361,Santa Catalina Quierí,2.834
20,Oaxaca,362,Santa Catarina Cuixtla,1.528
20,Oaxaca,363,Santa Catarina Ixtepeji,2.492
20,Oaxaca,364,Santa Catarina Juquila,3.377
20,Oaxaca,365,Santa Catarina Lachatao,3.611
20,Oaxaca,366,Santa Catarina Loxicha,2.51
20,Oaxaca,367,Santa Catarina Mechoacán,1.674
20,Oaxaca,368,Santa Catarina Minas,7.939
20,Oaxaca,369,Santa Catarina Quiané,6.747
20,Oaxaca,370,Santa Catarina Tayata,1.961
20,Oaxaca,371,Santa Catarina Ticuá,0.766
20,Oaxaca,372,Santa Catarina Yosonotú,7.141
20,Oaxaca,373,Santa Catarina Zapoquila,1.718
20,Oaxaca,374,Santa Cruz Acatepec,0.146
20,Oaxaca,375,Santa Cruz Amilpas,2.111
20,Oaxaca,376,Santa Cruz de Bravo,11.449
20,Oaxaca,377,Santa Cruz Itundujia,5.169
20,Oaxaca,378,Santa Cruz Mixtepec,9.697
20,Oaxaca,379,Santa Cruz Nundaco,4.152
20,Oaxaca,380,Santa Cruz Papalutla,5.237
20,Oaxaca,381,Santa Cruz Tacache de Mina,14.334
20,Oaxaca,382,Santa Cruz Tacahua,1.831
20,Oaxaca,383,Santa Cruz Tayata,2.597
20,Oaxaca,384,Santa Cruz Xitla,7.357
20,Oaxaca,385,Santa Cruz Xoxocotlán,1.317
20,Oaxaca,386,Santa Cruz Zenzontepec,6.472
20,Oaxaca,387,Santa Gertrudis,8.872
20,Oaxaca,388,Santa Inés del Monte,11.662
20,Oaxaca,389,Santa Inés Yatzeche,12.834
20,Oaxaca,390,Santa Lucía del Camino,1.35
20,Oaxaca,391,Santa Lucía Miahuatlán,2.905
20,Oaxaca,392,Santa Lucía Monteverde,1.25
20,Oaxaca,393,Santa Lucía Ocotlán,7.522
20,Oaxaca,394,Santa María Alotepec,0.905
20,Oaxaca,395,Santa María Apazco,3.773
20,Oaxaca,396,Santa María la Asunción,0.147
20,Oaxaca,397,Heroica Ciudad de Tlaxiaco,3.191
20,Oaxaca,398,Ayoquezco de Aldama,13.031
20,Oaxaca,399,Santa María Atzompa,2.74
20,Oaxaca,400,Santa María Camotlán,12.793
20,Oaxaca,401,Santa María Colotepec,2.415
20,Oaxaca,402,Santa María Cortijo,7.51
20,Oaxaca,403,Santa María Coyotepec,1.232
20,Oaxaca,404,Santa María Chachoápam,6.71
20,Oaxaca,405,Villa de Chilapa de Díaz,9.612
20,Oaxaca,406,Santa María Chilchotla,0.129
20,Oaxaca,407,Santa María Chimalapa,2.633
20,Oaxaca,408,Santa María del Rosario,1.88
20,Oaxaca,409,Santa María del Tule,1.506
20,Oaxaca,410,Santa María Ecatepec,3.367
20,Oaxaca,411,Santa María Guelacé,9.759
20,Oaxaca,412,Santa María Guienagati,2.078
20,Oaxaca,413,Santa María Huatulco,2.134
20,Oaxaca,414,Santa María Huazolotitlán,6.806
20,Oaxaca,415,Santa María Ipalapa,6.776
20,Oaxaca,416,Santa María Ixcatlán,0.592
20,Oaxaca,417,Santa María Jacatepec,3.383
20,Oaxaca,418,Santa María Jalapa del Marqués,4.475
20,Oaxaca,419,Santa María Jaltianguis,8.815
20,Oaxaca,420,Santa María Lachixío,4.656
20,Oaxaca,421,Santa María Mixtequilla,2.274
20,Oaxaca,422,Santa María Nativitas,0.248
20,Oaxaca,423,Santa María Nduayaco,0.298
20,Oaxaca,424,Santa María Ozolotepec,1.704
20,Oaxaca,425,Santa María Pápalo,1.05
20,Oaxaca,426,Santa María Peñoles,1.711
20,Oaxaca,427,Santa María Petapa,1.396
20,Oaxaca,428,Santa María Quiegolani,1.073
20,Oaxaca,429,Santa María Sola,4.748
20,Oaxaca,430,Santa María Tataltepec,0
20,Oaxaca,431,Santa María Tecomavaca,4.238
20,Oaxaca,432,Santa María Temaxcalapa,5.682
20,Oaxaca,433,Santa María Temaxcaltepec,12.074
20,Oaxaca,434,Santa María Teopoxco,0.488
20,Oaxaca,435,Santa María Tepantlali,2.026
20,Oaxaca,436,Santa María Texcatitlán,1.523
20,Oaxaca,437,Santa María Tlahuitoltepec,2.154
20,Oaxaca,438,Santa María Tlalixtac,1.303
20,Oaxaca,439,Santa María Tonameca,4.222
20,Oaxaca,440,Santa María Totolapilla,5.254
20,Oaxaca,441,Santa María Xadani,0.349
20,Oaxaca,442,Santa María Yalina,9.5
20,Oaxaca,443,Santa María Yavesía,5.935
20,Oaxaca,444,Santa María Yolotepec,5.769
20,Oaxaca,445,Santa María Yosoyúa,5.149
20,Oaxaca,446,Santa María Yucuhiti,11.247
20,Oaxaca,447,Santa María Zacatepec,11.821
20,Oaxaca,448,Santa María Zaniza,2.569
20,Oaxaca,449,Santa María Zoquitlán,5.678
20,Oaxaca,450,Santiago Amoltepec,2.367
20,Oaxaca,451,Santiago Apoala,1.691
20,Oaxaca,452,Santiago Apóstol,5.755
20,Oaxaca,453,Santiago Astata,1.494
20,Oaxaca,454,Santiago Atitlán,0.759
20,Oaxaca,455,Santiago Ayuquililla,5.508
20,Oaxaca,456,Santiago Cacaloxtepec,3.653
20,Oaxaca,457,Santiago Camotlán,3.079
20,Oaxaca,458,Santiago Comaltepec,7.329
20,Oaxaca,459,Villa de Santiago Chazumba,2.891
20,Oaxaca,460,Santiago Choápam,4.859
20,Oaxaca,461,Santiago del Río,5.362
20,Oaxaca,462,Santiago Huajolotitlán,9.811
20,Oaxaca,463,Santiago Huauclilla,1.248
20,Oaxaca,464,Santiago Ihuitlán Plumas,1.563
20,Oaxaca,465,Santiago Ixcuintepec,1.081
20,Oaxaca,466,Santiago Ixtayutla,2.718
20,Oaxaca,467,Santiago Jamiltepec,2.82
20,Oaxaca,468,Santiago Jocotepec,6.13
20,Oaxaca,469,Santiago Juxtlahuaca,2.962
20,Oaxaca,470,Santiago Lachiguiri,0.62
20,Oaxaca,471,Santiago Lalopa,1.786
20,Oaxaca,472,Santiago Laollaga,0.369
20,Oaxaca,473,Santiago Laxopa,1.434
20,Oaxaca,474,Santiago Llano Grande,6.335
20,Oaxaca,475,Santiago Matatlán,10.378
20,Oaxaca,476,Santiago Miltepec,2.371
20,Oaxaca,477,Santiago Minas,4.548
20,Oaxaca,478,Santiago Nacaltepec,2.022
20,Oaxaca,479,Santiago Nejapilla,0
20,Oaxaca,480,Santiago Nundiche,1.61
20,Oaxaca,481,Santiago Nuyoó,1.607
20,Oaxaca,482,Santiago Pinotepa Nacional,3.353
20,Oaxaca,483,Santiago Suchilquitongo,1.709
20,Oaxaca,484,Santiago Tamazola,10.283
20,Oaxaca,485,Santiago Tapextla,5.615
20,Oaxaca,486,Villa Tejúpam de la Unión,0.849
20,Oaxaca,487,Santiago Tenango,0.816
20,Oaxaca,488,Santiago Tepetlapa,0.641
20,Oaxaca,489,Santiago Tetepec,4.293
20,Oaxaca,490,Santiago Texcalcingo,0.279
20,Oaxaca,491,Santiago Textitlán,2.475
20,Oaxaca,492,Santiago Tilantongo,0.757
20,Oaxaca,493,Santiago Tillo,1.66
20,Oaxaca,494,Santiago Tlazoyaltepec,3.549
20,Oaxaca,495,Santiago Xanica,0.412
20,Oaxaca,496,Santiago Xiacuí,2.288
20,Oaxaca,497,Santiago Yaitepec,12.987
20,Oaxaca,498,Santiago Yaveo,3.169
20,Oaxaca,499,Santiago Yolomécatl,2.248
20,Oaxaca,500,Santiago Yosondúa,3.763
20,Oaxaca,501,Santiago Yucuyachi,10.693
20,Oaxaca,502,Santiago Zacatepec,0.136
20,Oaxaca,503,Santiago Zoochila,4.948
20,Oaxaca,504,Nuevo Zoquiápam,13.733
20,Oaxaca,505,Santo Domingo Ingenio,1.052
20,Oaxaca,506,Santo Domingo Albarradas,5.341
20,Oaxaca,507,Santo Domingo Armenta,8.222
20,Oaxaca,508,Santo Domingo Chihuitán,2.888
20,Oaxaca,509,Santo Domingo de Morelos,6.889
20,Oaxaca,510,Santo Domingo Ixcatlán,2.357
20,Oaxaca,511,Santo Domingo Nuxaá,0.397
20,Oaxaca,512,Santo Domingo Ozolotepec,6.218
20,Oaxaca,513,Santo Domingo Petapa,2.364
20,Oaxaca,514,Santo Domingo Roayaga,3.472
20,Oaxaca,515,Santo Domingo Tehuantepec,1.943
20,Oaxaca,516,Santo Domingo Teojomulco,6.194
20,Oaxaca,517,Santo Domingo Tepuxtepec,2.544
20,Oaxaca,518,Santo Domingo Tlatayápam,1.961
20,Oaxaca,519,Santo Domingo Tomaltepec,8.667
20,Oaxaca,520,Santo Domingo Tonalá,13.528
20,Oaxaca,521,Santo Domingo Tonaltepec,1.453
20,Oaxaca,522,Santo Domingo Xagacía,1.581
20,Oaxaca,523,Santo Domingo Yanhuitlán,2.042
20,Oaxaca,524,Santo Domingo Yodohino,6.875
20,Oaxaca,525,Santo Domingo Zanatepec,0.569
20,Oaxaca,526,Santos Reyes Nopala,4.412
20,Oaxaca,527,Santos Reyes Pápalo,1.112
20,Oaxaca,528,Santos Reyes Tepejillo,11.712
20,Oaxaca,529,Santos Reyes Yucuná,0.811
20,Oaxaca,530,Santo Tomás Jalieza,4.804
20,Oaxaca,531,Santo Tomás Mazaltepec,4.719
20,Oaxaca,532,Santo Tomás Ocotepec,4.264
20,Oaxaca,533,Santo Tomás Tamazulapan,2.502
20,Oaxaca,534,San Vicente Coatlán,9.005
20,Oaxaca,535,San Vicente Lachixío,8.366
20,Oaxaca,536,San Vicente Nuñú,1.207
20,Oaxaca,537,Silacayoápam,12.289
20,Oaxaca,538,Sitio de Xitlapehua,5.769
20,Oaxaca,539,Soledad Etla,1.493
20,Oaxaca,540,Villa de Tamazulápam del Progreso,2.785
20,Oaxaca,541,Tanetze de Zaragoza,2.49
20,Oaxaca,542,Taniche,7.955
20,Oaxaca,543,Tataltepec de Valdés,3.361
20,Oaxaca,544,Teococuilco de Marcos Pérez,11.851
20,Oaxaca,545,Teotitlán de Flores Magón,1.136
20,Oaxaca,546,Teotitlán del Valle,3.555
20,Oaxaca,547,Teotongo,4.057
20,Oaxaca,548,Tepelmeme Villa de Morelos,2.499
20,Oaxaca,549,Heroica Villa Tezoatlán de Segura y Luna,11.935
20,Oaxaca,550,San Jerónimo Tlacochahuaya,5.326
20,Oaxaca,551,Tlacolula de Matamoros,5.348
20,Oaxaca,552,Tlacotepec Plumas,0.463
20,Oaxaca,553,Tlalixtac de Cabrera,3.357
20,Oaxaca,554,Totontepec Villa de Morelos,2.106
20,Oaxaca,555,Trinidad Zaachila,3.338
20,Oaxaca,556,La Trinidad Vista Hermosa,2.244
20,Oaxaca,557,Unión Hidalgo,0.55
20,Oaxaca,558,Valerio Trujano,3.078
20,Oaxaca,559,San Juan Bautista Valle Nacional,5.45
20,Oaxaca,560,Villa Díaz Ordaz,9.132
20,Oaxaca,561,Yaxe,5.546
20,Oaxaca,562,Magdalena Yodocono de Porfirio Díaz,0.66
20,Oaxaca,563,Yogana,8.876
20,Oaxaca,564,Yutanduchi de Guerrero,0.391
20,Oaxaca,565,Villa de Zaachila,3.326
20,Oaxaca,566,San Mateo Yucutindoo,1.1
20,Oaxaca,567,Zapotitlán Lagunas,7.133
20,Oaxaca,568,Zapotitlán Palmas,11.349
20,Oaxaca,569,Santa Inés de Zaragoza,1.785
20,Oaxaca,570,Zimatlán de Álvarez,5.528
21,Puebla,001,Acajete,4.01
21,Puebla,002,Acateno,3.398
21,Puebla,003,Acatlán,8.386
21,Puebla,004,Acatzingo,2.054
21,Puebla,005,Acteopan,6
21,Puebla,006,Ahuacatlán,0.835
21,Puebla,007,Ahuatlán,7.097
21,Puebla,008,Ahuazotepec,1.02
21,Puebla,009,Ahuehuetitla,9.617
21,Puebla,010,Ajalpan,3.89
21,Puebla,011,Albino Zertuche,8.081
21,Puebla,012,Aljojuca,4.141
21,Puebla,013,Altepexi,3.093
21,Puebla,014,Amixtlán,2.646
21,Puebla,015,Amozoc,1.029
21,Puebla,016,Aquixtla,2.562
21,Puebla,017,Atempan,0.687
21,Puebla,018,Atexcal,2.217
21,Puebla,019,Atlixco,5.981
21,Puebla,020,Atoyatempan,1.044
21,Puebla,021,Atzala,10.847
21,Puebla,022,Atzitzihuacán,10.71
21,Puebla,023,Atzitzintla,4.053
21,Puebla,024,Axutla,15.157
21,Puebla,025,Ayotoxco de Guerrero,2.635
21,Puebla,026,Calpan,5.118
21,Puebla,027,Caltepec,3.1
21,Puebla,028,Camocuautla,0.124
21,Puebla,029,Caxhuacan,0.391
21,Puebla,030,Coatepec,7.36
21,Puebla,031,Coatzingo,8.131
21,Puebla,032,Cohetzala,11.889
21,Puebla,033,Cohuecan,4.615
21,Puebla,034,Coronango,3.214
21,Puebla,035,Coxcatlán,2.529
21,Puebla,036,Coyomeapan,0.901
21,Puebla,037,Coyotepec,2.574
21,Puebla,038,Cuapiaxtla de Madero,0.523
21,Puebla,039,Cuautempan,1.165
21,Puebla,040,Cuautinchán,1.54
21,Puebla,041,Cuautlancingo,1.728
21,Puebla,042,Cuayuca de Andrade,3.427
21,Puebla,043,Cuetzalan del Progreso,0.562
21,Puebla,044,Cuyoaco,3.605
21,Puebla,045,Chalchicomula de Sesma,2.285
21,Puebla,046,Chapulco,2.905
21,Puebla,047,Chiautla,8.229
21,Puebla,048,Chiautzingo,4.335
21,Puebla,049,Chiconcuautla,1.424
21,Puebla,050,Chichiquila,0.773
21,Puebla,051,Chietla,10.563
21,Puebla,052,Chigmecatitlán,0.276
21,Puebla,053,Chignahuapan,3.012
21,Puebla,054,Chignautla,0.731
21,Puebla,055,Chila,8.265
21,Puebla,056,Chila de la Sal,8.833
21,Puebla,057,Honey,7.121
21,Puebla,058,Chilchotla,1.569
21,Puebla,059,Chinantla,10.195
21,Puebla,060,Domingo Arenas,2.418
21,Puebla,061,Eloxochitlán,0.786
21,Puebla,062,Epatlán,9.736
21,Puebla,063,Esperanza,2.391
21,Puebla,064,Francisco Z. Mena,0.502
21,Puebla,065,General Felipe Ángeles,0.881
21,Puebla,066,Guadalupe,12.241
21,Puebla,067,Guadalupe Victoria,1.208
21,Puebla,068,Hermenegildo Galeana,1.293
21,Puebla,069,Huaquechula,10.683
21,Puebla,070,Huatlatlauca,1.413
21,Puebla,071,Huauchinango,1.596
21,Puebla,072,Huehuetla,0.112
21,Puebla,073,Huehuetlán el Chico,11.411
21,Puebla,074,Huejotzingo,3.034
21,Puebla,075,Hueyapan,0.663
21,Puebla,076,Hueytamalco,3.577
21,Puebla,077,Hueytlalpan,0.402
21,Puebla,078,Huitzilan de Serdán,0.195
21,Puebla,079,Huitziltepec,3.488
21,Puebla,080,Atlequizayan,0.228
21,Puebla,081,Ixcamilpa de Guerrero,12.673
21,Puebla,082,Ixcaquixtla,4.875
21,Puebla,083,Ixtacamaxtitlán,3.677
21,Puebla,084,Ixtepec,0.033
21,Puebla,085,Izúcar de Matamoros,6.203
21,Puebla,086,Jalpan,1.846
21,Puebla,087,Jolalpan,7.583
21,Puebla,088,Jonotla,0.914
21,Puebla,089,Jopala,3.635
21,Puebla,090,Juan C. Bonilla,3.581
21,Puebla,091,Juan Galindo,0.711
21,Puebla,092,Juan N. Méndez,2.964
21,Puebla,093,Lafragua,0.901
21,Puebla,094,Libres,3.082
21,Puebla,095,La Magdalena Tlatlauquitepec,0.62
21,Puebla,096,Mazapiltepec de Juárez,1.878
21,Puebla,097,Mixtla,3.78
21,Puebla,098,Molcaxac,6.801
21,Puebla,099,Cañada Morelos,4.13
21,Puebla,100,Naupan,0.743
21,Puebla,101,Nauzontla,2.015
21,Puebla,102,Nealtican,3.564
21,Puebla,103,Nicolás Bravo,1.667
21,Puebla,104,Nopalucan,0.973
21,Puebla,105,Ocotepec,3.431
21,Puebla,106,Ocoyucan,4.608
21,Puebla,107,Olintla,0.093
21,Puebla,108,Oriental,0.425
21,Puebla,109,Pahuatlán,6.16
21,Puebla,110,Palmar de Bravo,3.163
21,Puebla,111,Pantepec,1.176
21,Puebla,112,Petlalcingo,7.974
21,Puebla,113,Piaxtla,12.278
21,Puebla,114,Puebla,1.087
21,Puebla,115,Quecholac,1.866
21,Puebla,116,Quimixtlán,1.192
21,Puebla,117,Rafael Lara Grajales,1.07
21,Puebla,118,Los Reyes de Juárez,1.856
21,Puebla,119,San Andrés Cholula,1.183
21,Puebla,120,San Antonio Cañada,2.852
21,Puebla,121,San Diego la Mesa Tochimiltzingo,6.47
21,Puebla,122,San Felipe Teotlalcingo,3.945
21,Puebla,123,San Felipe Tepatlán,0.945
21,Puebla,124,San Gabriel Chilac,4.759
21,Puebla,125,San Gregorio Atzompa,1.624
21,Puebla,126,San Jerónimo Tecuanipan,4.494
21,Puebla,127,San Jerónimo Xayacatlán,6.778
21,Puebla,128,San José Chiapa,0.683
21,Puebla,129,San José Miahuatlán,6.453
21,Puebla,130,San Juan Atenco,3.129
21,Puebla,131,San Juan Atzompa,1.222
21,Puebla,132,San Martín Texmelucan,1.652
21,Puebla,133,San Martín Totoltepec,10.84
21,Puebla,134,San Matías Tlalancaleca,2.756
21,Puebla,135,San Miguel Ixitlán,1.442
21,Puebla,136,San Miguel Xoxtla,1.542
21,Puebla,137,San Nicolás Buenos Aires,0.845
21,Puebla,138,San Nicolás de los Ranchos,2.705
21,Puebla,139,San Pablo Anicano,7.712
21,Puebla,140,San Pedro Cholula,2.387
21,Puebla,141,San Pedro Yeloixtlahuaca,7.303
21,Puebla,142,San Salvador el Seco,1.649
21,Puebla,143,San Salvador el Verde,2.597
21,Puebla,144,San Salvador Huixcolotla,0.254
21,Puebla,145,San Sebastián Tlacotepec,0.318
21,Puebla,146,Santa Catarina Tlaltempan,1.037
21,Puebla,147,Santa Inés Ahuatempan,5.384
21,Puebla,148,Santa Isabel Cholula,4.022
21,Puebla,149,Santiago Miahuatlán,2.537
21,Puebla,150,Huehuetlán el Grande,4.285
21,Puebla,151,Santo Tomás Hueyotlipan,3.972
21,Puebla,152,Soltepec,4.7
21,Puebla,153,Tecali de Herrera,2.378
21,Puebla,154,Tecamachalco,2.07
21,Puebla,155,Tecomatlán,5.957
21,Puebla,156,Tehuacán,2.588
21,Puebla,157,Tehuitzingo,11.424
21,Puebla,158,Tenampulco,2.746
21,Puebla,159,Teopantlán,10.028
21,Puebla,160,Teotlalco,9.044
21,Puebla,161,Tepanco de López,5.252
21,Puebla,162,Tepango de Rodríguez,0.987
21,Puebla,163,Tepatlaxco de Hidalgo,2.313
21,Puebla,164,Tepeaca,2.394
21,Puebla,165,Tepemaxalco,8.475
21,Puebla,166,Tepeojuma,9.846
21,Puebla,167,Tepetzintla,1.341
21,Puebla,168,Tepexco,5.425
21,Puebla,169,Tepexi de Rodríguez,5.662
21,Puebla,170,Tepeyahualco,0.623
21,Puebla,171,Tepeyahualco de Cuauhtémoc,2.768
21,Puebla,172,Tetela de Ocampo,2.066
21,Puebla,173,Teteles de Ávila Castillo,1.909
21,Puebla,174,Teziutlán,1.643
21,Puebla,175,Tianguismanalco,5.253
21,Puebla,176,Tilapa,7.058
21,Puebla,177,Tlacotepec de Benito Juárez,4.058
21,Puebla,178,Tlacuilotepec,1.527
21,Puebla,179,Tlachichuca,1.867
21,Puebla,180,Tlahuapan,2.516
21,Puebla,181,Tlaltenango,1.966
21,Puebla,182,Tlanepantla,1.108
21,Puebla,183,Tlaola,1.976
21,Puebla,184,Tlapacoya,2.721
21,Puebla,185,Tlapanalá,9.869
21,Puebla,186,Tlatlauquitepec,3.658
21,Puebla,187,Tlaxco,1.373
21,Puebla,188,Tochimilco,5.992
21,Puebla,189,Tochtepec,6.139
21,Puebla,190,Totoltepec de Guerrero,1.038
21,Puebla,191,Tulcingo,12.956
21,Puebla,192,Tuzamapan de Galeana,1.111
21,Puebla,193,Tzicatlacoyan,2.794
21,Puebla,194,Venustiano Carranza,1.832
21,Puebla,195,Vicente Guerrero,6.281
21,Puebla,196,Xayacatlán de Bravo,7.326
21,Puebla,197,Xicotepec,1.06
21,Puebla,198,Xicotlán,7.791
21,Puebla,199,Xiutetelco,2.764
21,Puebla,200,Xochiapulco,1.008
21,Puebla,201,Xochiltepec,10.631
21,Puebla,202,Xochitlán de Vicente Suárez,1.129
21,Puebla,203,Xochitlán Todos Santos,3.5
21,Puebla,204,Yaonáhuac,1.185
21,Puebla,205,Yehualtepec,4.056
21,Puebla,206,Zacapala,10.11
21,Puebla,207,Zacapoaxtla,1.814
21,Puebla,208,Zacatlán,2.711
21,Puebla,209,Zapotitlán,6.848
21,Puebla,210,Zapotitlán de Méndez,0.344
21,Puebla,211,Zaragoza,2.199
21,Puebla,212,Zautla,1.544
21,Puebla,213,Zihuateutla,3.231
21,Puebla,214,Zinacatepec,3.353
21,Puebla,215,Zongozotla,1.209
21,Puebla,216,Zoquiapan,0.35
21,Puebla,217,Zoquitlán,0.95
22,Querétaro,001,Amealco de Bonfil,5.03
22,Querétaro,002,Pinal de Amoles,9.728
22,Querétaro,003,Arroyo Seco,14.586
22,Querétaro,004,Cadereyta de Montes,7.217
22,Querétaro,005,Colón,1.006
22,Querétaro,006,Corregidora,1.038
22,Querétaro,007,Ezequiel Montes,5.256
22,Querétaro,008,Huimilpan,12.646
22,Querétaro,009,Jalpan de Serra,10.605
22,Querétaro,010,Landa de Matamoros,16.891
22,Querétaro,011,El Marqués,1.683
22,Querétaro,012,Pedro Escobedo,1.866
22,Querétaro,013,Peñamiller,6.885
22,Querétaro,014,Querétaro,1.194
22,Querétaro,015,San Joaquín,10.847
22,Querétaro,016,San Juan del Río,1.879
22,Querétaro,017,Tequisquiapan,2.408
22,Querétaro,018,Tolimán,3.569
23,Quintana Roo,001,Cozumel,0.4
23,Quintana Roo,002,Felipe Carrillo Puerto,0.425
23,Quintana Roo,003,Isla Mujeres,0.375
23,Quintana Roo,004,Othón P. Blanco,1.156
23,Quintana Roo,005,Benito Juárez,0.609
23,Quintana Roo,006,José María Morelos,0.908
23,Quintana Roo,007,Lázaro Cárdenas,0.138
23,Quintana Roo,008,Solidaridad,0.742
23,Quintana Roo,009,Tulum,0.349
23,Quintana Roo,010,Bacalar,
23,Quintana Roo,011,Puerto Morelos,
24,San Luis Potosí,001,Ahualulco,7.029
24,San Luis Potosí,002,Alaquines,11.9
24,San Luis Potosí,003,Aquismón,2.778
24,San Luis Potosí,004,Armadillo de los Infante,5.096
24,San Luis Potosí,005,Cárdenas,7.564
24,San Luis Potosí,006,Catorce,2.172
24,San Luis Potosí,007,Cedral,6.059
24,San Luis Potosí,008,Cerritos,8.904
24,San Luis Potosí,009,Cerro de San Pedro,1.871
24,San Luis Potosí,010,Ciudad del Maíz,6.626
24,San Luis Potosí,011,Ciudad Fernández,9.99
24,San Luis Potosí,012,Tancanhuitz,0.267
24,San Luis Potosí,013,Ciudad Valles,1.886
24,San Luis Potosí,014,Coxcatlán,0.522
24,San Luis Potosí,015,Charcas,1.799
24,San Luis Potosí,016,Ebano,4.042
24,San Luis Potosí,017,Guadalcázar,5.145
24,San Luis Potosí,018,Huehuetlán,0.98
24,San Luis Potosí,019,Lagunillas,13.558
24,San Luis Potosí,020,Matehuala,4.999
24,San Luis Potosí,021,Mexquitic de Carmona,6.512
24,San Luis Potosí,022,Moctezuma,7.15
24,San Luis Potosí,023,Rayón,11.149
24,San Luis Potosí,024,Rioverde,8.574
24,San Luis Potosí,025,Salinas,10.478
24,San Luis Potosí,026,San Antonio,0.408
24,San Luis Potosí,027,San Ciro de Acosta,13.02
24,San Luis Potosí,028,San Luis Potosí,2.141
24,San Luis Potosí,029,San Martín Chalchicuautla,1.026
24,San Luis Potosí,030,San Nicolás Tolentino,13.58
24,San Luis Potosí,031,Santa Catarina,9.263
24,San Luis Potosí,032,Santa María del Río,6.476
24,San Luis Potosí,033,Santo Domingo,8.601
24,San Luis Potosí,034,San Vicente Tancuayalab,1.498
24,San Luis Potosí,035,Soledad de Graciano Sánchez,1.571
24,San Luis Potosí,036,Tamasopo,7.037
24,San Luis Potosí,037,Tamazunchale,1.029
24,San Luis Potosí,038,Tampacán,0.299
24,San Luis Potosí,039,Tampamolón Corona,1.124
24,San Luis Potosí,040,Tamuín,4.54
24,San Luis Potosí,041,Tanlajás,0.316
24,San Luis Potosí,042,Tanquián de Escobedo,2.618
24,San Luis Potosí,043,Tierra Nueva,10.705
24,San Luis Potosí,044,Vanegas,5.138
24,San Luis Potosí,045,Venado,5.29
24,San Luis Potosí,046,Villa de Arriaga,3.34
24,San Luis Potosí,047,Villa de Guadalupe,7.874
24,San Luis Potosí,048,Villa de la Paz,4.956
24,San Luis Potosí,049,Villa de Ramos,7.703
24,San Luis Potosí,050,Villa de Reyes,2.998
24,San Luis Potosí,051,Villa Hidalgo,6.967
24,San Luis Potosí,052,Villa Juárez,12.045
24,San Luis Potosí,053,Axtla de Terrazas,0.498
24,San Luis Potosí,054,Xilitla,2.575
24,San Luis Potosí,055,Zaragoza,2.498
24,San Luis Potosí,056,Villa de Arista,3.098
24,San Luis Potosí,057,Matlapa,1.146
24,San Luis Potosí,058,El Naranjo,4.942
25,Sinaloa,001,Ahome,1.388
25,Sinaloa,002,Angostura,1.249
25,Sinaloa,003,Badiraguato,1.858
25,Sinaloa,004,Concordia,1.402
25,Sinaloa,005,Cosalá,3.385
25,Sinaloa,006,Culiacán,1.506
25,Sinaloa,007,Choix,3.071
25,Sinaloa,008,Elota,3.502
25,Sinaloa,009,Escuinapa,2.057
25,Sinaloa,010,El Fuerte,1.559
25,Sinaloa,011,Guasave,2.404
25,Sinaloa,012,Mazatlán,1.085
25,Sinaloa,013,Mocorito,3.327
25,Sinaloa,014,Rosario,1.782
25,Sinaloa,015,Salvador Alvarado,2.547
25,Sinaloa,016,San Ignacio,3.241
25,Sinaloa,017,Sinaloa,2.987
25,Sinaloa,018,Navolato,1.464
26,Sonora,001,Aconchi,1.211
26,Sonora,002,Agua Prieta,2.524
26,Sonora,003,Álamos,0.495
26,Sonora,004,Altar,1.566
26,Sonora,005,Arivechi,0.964
26,Sonora,006,Arizpe,1.638
26,Sonora,007,Atil,5.357
26,Sonora,008,Bacadéhuachi,1.033
26,Sonora,009,Bacanora,3.369
26,Sonora,010,Bacerac,2.711
26,Sonora,011,Bacoachi,4.367
26,Sonora,012,Bácum,3.667
26,Sonora,013,Banámichi,1.609
26,Sonora,014,Baviácora,1.359
26,Sonora,015,Bavispe,4.665
26,Sonora,016,Benjamín Hill,2.623
26,Sonora,017,Caborca,1.322
26,Sonora,018,Cajeme,1.062
26,Sonora,019,Cananea,3.57
26,Sonora,020,Carbó,0.795
26,Sonora,021,La Colorada,0.181
26,Sonora,022,Cucurpe,3.653
26,Sonora,023,Cumpas,2.779
26,Sonora,024,Divisaderos,1.087
26,Sonora,025,Empalme,3.557
26,Sonora,026,Etchojoa,0.861
26,Sonora,027,Fronteras,2.882
26,Sonora,028,Granados,3.04
26,Sonora,029,Guaymas,1.591
26,Sonora,030,Hermosillo,1.323
26,Sonora,031,Huachinera,1.656
26,Sonora,032,Huásabas,4.021
26,Sonora,033,Huatabampo,0.409
26,Sonora,034,Huépac,1.025
26,Sonora,035,Imuris,3.039
26,Sonora,036,Magdalena,2.596
26,Sonora,037,Mazatán,0.829
26,Sonora,038,Moctezuma,2.798
26,Sonora,039,Naco,3.876
26,Sonora,040,Nácori Chico,1.681
26,Sonora,041,Nacozari de García,2.094
26,Sonora,042,Navojoa,0.813
26,Sonora,043,Nogales,3.008
26,Sonora,044,Ónavas,0.229
26,Sonora,045,Opodepe,3.286
26,Sonora,046,Oquitoa,4.668
26,Sonora,047,Pitiquito,1.007
26,Sonora,048,Puerto Peñasco,1.814
26,Sonora,049,Quiriego,0.435
26,Sonora,050,Rayón,2.705
26,Sonora,051,Rosario,0.723
26,Sonora,052,Sahuaripa,3.171
26,Sonora,053,San Felipe de Jesús,0.388
26,Sonora,054,San Javier,1.045
26,Sonora,055,San Luis Río Colorado,4.479
26,Sonora,056,San Miguel de Horcasitas,1.615
26,Sonora,057,San Pedro de la Cueva,1.913
26,Sonora,058,Santa Ana,1.285
26,Sonora,059,Santa Cruz,1.991
26,Sonora,060,Sáric,3.255
26,Sonora,061,Soyopa,0.642
26,Sonora,062,Suaqui Grande,0.83
26,Sonora,063,Tepache,3.765
26,Sonora,064,Trincheras,1.744
26,Sonora,065,Tubutama,1.813
26,Sonora,066,Ures,2.069
26,Sonora,067,Villa Hidalgo,2.436
26,Sonora,068,Villa Pesqueira,0.321
26,Sonora,069,Yécora,0.996
26,Sonora,070,General Plutarco Elías Calles,1.701
26,Sonora,071,Benito Juárez,1.468
26,Sonora,072,San Ignacio Río Muerto,1.151
27,Tabasco,001,Balancán,1.363
27,Tabasco,002,Cárdenas,0.984
27,Tabasco,003,Centla,0.112
27,Tabasco,004,Centro,0.249
27,Tabasco,005,Comalcalco,0.725
27,Tabasco,006,Cunduacán,0.482
27,Tabasco,007,Emiliano Zapata,0.283
27,Tabasco,008,Huimanguillo,1.472
27,Tabasco,009,Jalapa,0.323
27,Tabasco,010,Jalpa de Méndez,0.807
27,Tabasco,011,Jonuta,0.069
27,Tabasco,012,Macuspana,0.206
27,Tabasco,013,Nacajuca,0.16
27,Tabasco,014,Paraíso,0.3
27,Tabasco,015,Tacotalpa,0.613
27,Tabasco,016,Teapa,0.157
27,Tabasco,017,Tenosique,0.835
28,Tamaulipas,001,Abasolo,3.591
28,Tamaulipas,002,Aldama,2.028
28,Tamaulipas,003,Altamira,1.442
28,Tamaulipas,004,Antiguo Morelos,5.052
28,Tamaulipas,005,Burgos,3.33
28,Tamaulipas,006,Bustamante,3.835
28,Tamaulipas,007,Camargo,2.942
28,Tamaulipas,008,Casas,0.536
28,Tamaulipas,009,Ciudad Madero,1.079
28,Tamaulipas,010,Cruillas,1.698
28,Tamaulipas,011,Gómez Farías,3.439
28,Tamaulipas,012,González,5.043
28,Tamaulipas,013,Güémez,0.199
28,Tamaulipas,014,Guerrero,3.958
28,Tamaulipas,015,Gustavo Díaz Ordaz,3.288
28,Tamaulipas,016,Hidalgo,1.231
28,Tamaulipas,017,Jaumave,2.004
28,Tamaulipas,018,Jiménez,1.292
28,Tamaulipas,019,Llera,1.499
28,Tamaulipas,020,Mainero,2.004
28,Tamaulipas,021,El Mante,3.274
28,Tamaulipas,022,Matamoros,1.955
28,Tamaulipas,023,Méndez,1.905
28,Tamaulipas,024,Mier,3.02
28,Tamaulipas,025,Miguel Alemán,1.791
28,Tamaulipas,026,Miquihuana,1.358
28,Tamaulipas,027,Nuevo Laredo,2.155
28,Tamaulipas,028,Nuevo Morelos,3.823
28,Tamaulipas,029,Ocampo,4.84
28,Tamaulipas,030,Padilla,1.186
28,Tamaulipas,031,Palmillas,5.731
28,Tamaulipas,032,Reynosa,1.354
28,Tamaulipas,033,Río Bravo,1.992
28,Tamaulipas,034,San Carlos,0.891
28,Tamaulipas,035,San Fernando,2.287
28,Tamaulipas,036,San Nicolás,0.093
28,Tamaulipas,037,Soto la Marina,1.46
28,Tamaulipas,038,Tampico,0.916
28,Tamaulipas,039,Tula,5.56
28,Tamaulipas,040,Valle Hermoso,3.212
28,Tamaulipas,041,Victoria,1.503
28,Tamaulipas,042,Villagrán,1.351
28,Tamaulipas,043,Xicoténcatl,1.671
29,Tlaxcala,001,Amaxac de Guerrero,1.656
29,Tlaxcala,002,Apetatitlán de Antonio Carvajal,1.307
29,Tlaxcala,003,Atlangatepec,4.973
29,Tlaxcala,004,Atltzayanca,1.316
29,Tlaxcala,005,Apizaco,1.621
29,Tlaxcala,006,Calpulalpan,2.14
29,Tlaxcala,007,El Carmen Tequexquitla,1.432
29,Tlaxcala,008,Cuapiaxtla,0.898
29,Tlaxcala,009,Cuaxomulco,0.998
29,Tlaxcala,010,Chiautempan,2.528
29,Tlaxcala,011,Muñoz de Domingo Arenas,3.787
29,Tlaxcala,012,Españita,2.167
29,Tlaxcala,013,Huamantla,1.012
29,Tlaxcala,014,Hueyotlipan,5.593
29,Tlaxcala,015,Ixtacuixtla de Mariano Matamoros,3.448
29,Tlaxcala,016,Ixtenco,1.148
29,Tlaxcala,017,Mazatecochco de José María Morelos,1.612
29,Tlaxcala,018,Contla de Juan Cuamatzi,1.686
29,Tlaxcala,019,Tepetitla de Lardizábal,1.927
29,Tlaxcala,020,Sanctórum de Lázaro Cárdenas,1.79
29,Tlaxcala,021,Nanacamilpa de Mariano Arista,3.606
29,Tlaxcala,022,Acuamanala de Miguel Hidalgo,2.532
29,Tlaxcala,023,Natívitas,1.994
29,Tlaxcala,024,Panotla,1.843
29,Tlaxcala,025,San Pablo del Monte,1.126
29,Tlaxcala,026,Santa Cruz Tlaxcala,0.935
29,Tlaxcala,027,Tenancingo,5.024
29,Tlaxcala,028,Teolocholco,2.816
29,Tlaxcala,029,Tepeyanco,1.381
29,Tlaxcala,030,Terrenate,4.314
29,Tlaxcala,031,Tetla de la Solidaridad,2.024
29,Tlaxcala,032,Tetlatlahuca,1.943
29,Tlaxcala,033,Tlaxcala,1.136
29,Tlaxcala,034,Tlaxco,2
29,Tlaxcala,035,Tocatlán,2.938
29,Tlaxcala,036,Totolac,1.438
29,Tlaxcala,037,Ziltlaltépec de Trinidad Sánchez Santos,0.943
29,Tlaxcala,038,Tzompantepec,1.434
29,Tlaxcala,039,Xaloztoc,1.429
29,Tlaxcala,040,Xaltocan,2.941
29,Tlaxcala,041,Papalotla de Xicohténcatl,2.715
29,Tlaxcala,042,Xicohtzinco,3.924
29,Tlaxcala,043,Yauhquemehcan,1.271
29,Tlaxcala,044,Zacatelco,2.646
29,Tlaxcala,045,Benito Juárez,0.917
29,Tlaxcala,046,Emiliano Zapata,3.613
29,Tlaxcala,047,Lázaro Cárdenas,6.092
29,Tlaxcala,048,La Magdalena Tlaltelulco,2.334
29,Tlaxcala,049,San Damián Texóloc,1.744
29,Tlaxcala,050,San Francisco Tetlanohcan,3.692
29,Tlaxcala,051,San Jerónimo Zacualpan,3.533
29,Tlaxcala,052,San José Teacalco,2.783
29,Tlaxcala,053,San Juan Huactzinco,1.001
29,Tlaxcala,054,San Lorenzo Axocomanitla,2.455
29,Tlaxcala,055,San Lucas Tecopilco,7.447
29,Tlaxcala,056,Santa Ana Nopalucan,1.252
29,Tlaxcala,057,Santa Apolonia Teacalco,3.108
29,Tlaxcala,058,Santa Catarina Ayometla,6.004
29,Tlaxcala,059,Santa Cruz Quilehtla,3.583
29,Tlaxcala,060,Santa Isabel Xiloxoxtla,1.411
30,Veracruz de Ignacio de la Llave,001,Acajete,0.315
30,Veracruz de Ignacio de la Llave,002,Acatlán,1.703
30,Veracruz de Ignacio de la Llave,003,Acayucan,0.579
30,Veracruz de Ignacio de la Llave,004,Actopan,4.704
30,Veracruz de Ignacio de la Llave,005,Acula,1.574
30,Veracruz de Ignacio de la Llave,006,Acultzingo,2.087
30,Veracruz de Ignacio de la Llave,007,Camarón de Tejeda,2.611
30,Veracruz de Ignacio de la Llave,008,Alpatláhuac,3.422
30,Veracruz de Ignacio de la Llave,009,Alto Lucero de Gutiérrez Barrios,2.073
30,Veracruz de Ignacio de la Llave,010,Altotonga,4.724
30,Veracruz de Ignacio de la Llave,011,Alvarado,1.905
30,Veracruz de Ignacio de la Llave,012,Amatitlán,1.059
30,Veracruz de Ignacio de la Llave,013,Naranjos Amatlán,0.315
30,Veracruz de Ignacio de la Llave,014,Amatlán de los Reyes,4.245
30,Veracruz de Ignacio de la Llave,015,Angel R. Cabada,0.767
30,Veracruz de Ignacio de la Llave,016,La Antigua,1.017
30,Veracruz de Ignacio de la Llave,017,Apazapan,3.486
30,Veracruz de Ignacio de la Llave,018,Aquila,3.171
30,Veracruz de Ignacio de la Llave,019,Astacinga,8.434
30,Veracruz de Ignacio de la Llave,020,Atlahuilco,1.887
30,Veracruz de Ignacio de la Llave,021,Atoyac,2.615
30,Veracruz de Ignacio de la Llave,022,Atzacan,1.797
30,Veracruz de Ignacio de la Llave,023,Atzalan,4.455
30,Veracruz de Ignacio de la Llave,024,Tlaltetela,4.6
30,Veracruz de Ignacio de la Llave,025,Ayahualulco,0.607
30,Veracruz de Ignacio de la Llave,026,Banderilla,1.391
30,Veracruz de Ignacio de la Llave,027,Benito Juárez,0.81
30,Veracruz de Ignacio de la Llave,028,Boca del Río,1.299
30,Veracruz de Ignacio de la Llave,029,Calcahualco,2.659
30,Veracruz de Ignacio de la Llave,030,Camerino Z. Mendoza,2.294
30,Veracruz de Ignacio de la Llave,031,Carrillo Puerto,5.472
30,Veracruz de Ignacio de la Llave,032,Catemaco,1.861
30,Veracruz de Ignacio de la Llave,033,Cazones de Herrera,0.962
30,Veracruz de Ignacio de la Llave,034,Cerro Azul,0.284
30,Veracruz de Ignacio de la Llave,035,Citlaltépetl,0.664
30,Veracruz de Ignacio de la Llave,036,Coacoatzintla,1.693
30,Veracruz de Ignacio de la Llave,037,Coahuitlán,2.678
30,Veracruz de Ignacio de la Llave,038,Coatepec,1.469
30,Veracruz de Ignacio de la Llave,039,Coatzacoalcos,0.841
30,Veracruz de Ignacio de la Llave,040,Coatzintla,0.515
30,Veracruz de Ignacio de la Llave,041,Coetzala,2.03
30,Veracruz de Ignacio de la Llave,042,Colipa,4.821
30,Veracruz de Ignacio de la Llave,043,Comapa,4.93
30,Veracruz de Ignacio de la Llave,044,Córdoba,1.365
30,Veracruz de Ignacio de la Llave,045,Cosamaloapan de Carpio,2.422
30,Veracruz de Ignacio de la Llave,046,Cosautlán de Carvajal,3.59
30,Veracruz de Ignacio de la Llave,047,Coscomatepec,3.742
30,Veracruz de Ignacio de la Llave,048,Cosoleacaque,0.727
30,Veracruz de Ignacio de la Llave,049,Cotaxtla,2.196
30,Veracruz de Ignacio de la Llave,050,Coxquihui,0.971
30,Veracruz de Ignacio de la Llave,051,Coyutla,2.971
30,Veracruz de Ignacio de la Llave,052,Cuichapa,4.765
30,Veracruz de Ignacio de la Llave,053,Cuitláhuac,5.599
30,Veracruz de Ignacio de la Llave,054,Chacaltianguis,1.257
30,Veracruz de Ignacio de la Llave,055,Chalma,0.131
30,Veracruz de Ignacio de la Llave,056,Chiconamel,0.151
30,Veracruz de Ignacio de la Llave,057,Chiconquiaco,5.337
30,Veracruz de Ignacio de la Llave,058,Chicontepec,0.343
30,Veracruz de Ignacio de la Llave,059,Chinameca,1.323
30,Veracruz de Ignacio de la Llave,060,Chinampa de Gorostiza,0.177
30,Veracruz de Ignacio de la Llave,061,Las Choapas,2.519
30,Veracruz de Ignacio de la Llave,062,Chocamán,2.365
30,Veracruz de Ignacio de la Llave,063,Chontla,0.981
30,Veracruz de Ignacio de la Llave,064,Chumatlán,0.602
30,Veracruz de Ignacio de la Llave,065,Emiliano Zapata,1.092
30,Veracruz de Ignacio de la Llave,066,Espinal,1.819
30,Veracruz de Ignacio de la Llave,067,Filomeno Mata,0.165
30,Veracruz de Ignacio de la Llave,068,Fortín,2.288
30,Veracruz de Ignacio de la Llave,069,Gutiérrez Zamora,1.485
30,Veracruz de Ignacio de la Llave,070,Hidalgotitlán,5.515
30,Veracruz de Ignacio de la Llave,071,Huatusco,3.437
30,Veracruz de Ignacio de la Llave,072,Huayacocotla,4.113
30,Veracruz de Ignacio de la Llave,073,Hueyapan de Ocampo,1.28
30,Veracruz de Ignacio de la Llave,074,Huiloapan de Cuauhtémoc,1.415
30,Veracruz de Ignacio de la Llave,075,Ignacio de la Llave,2.355
30,Veracruz de Ignacio de la Llave,076,Ilamatlán,1.932
30,Veracruz de Ignacio de la Llave,077,Isla,2.497
30,Veracruz de Ignacio de la Llave,078,Ixcatepec,1.041
30,Veracruz de Ignacio de la Llave,079,Ixhuacán de los Reyes,0.443
30,Veracruz de Ignacio de la Llave,080,Ixhuatlán del Café,4.132
30,Veracruz de Ignacio de la Llave,081,Ixhuatlancillo,1.551
30,Veracruz de Ignacio de la Llave,082,Ixhuatlán del Sureste,0.557
30,Veracruz de Ignacio de la Llave,083,Ixhuatlán de Madero,0.418
30,Veracruz de Ignacio de la Llave,084,Ixmatlahuacan,1.634
30,Veracruz de Ignacio de la Llave,085,Ixtaczoquitlán,2.258
30,Veracruz de Ignacio de la Llave,086,Jalacingo,0.486
30,Veracruz de Ignacio de la Llave,087,Xalapa,1.191
30,Veracruz de Ignacio de la Llave,088,Jalcomulco,2.28
30,Veracruz de Ignacio de la Llave,089,Jáltipan,1.062
30,Veracruz de Ignacio de la Llave,090,Jamapa,1.955
30,Veracruz de Ignacio de la Llave,091,Jesús Carranza,4.921
30,Veracruz de Ignacio de la Llave,092,Xico,0.489
30,Veracruz de Ignacio de la Llave,093,Jilotepec,3.334
30,Veracruz de Ignacio de la Llave,094,Juan Rodríguez Clara,2.693
30,Veracruz de Ignacio de la Llave,095,Juchique de Ferrer,5.836
30,Veracruz de Ignacio de la Llave,096,Landero y Coss,4.602
30,Veracruz de Ignacio de la Llave,097,Lerdo de Tejada,2.206
30,Veracruz de Ignacio de la Llave,098,Magdalena,0
30,Veracruz de Ignacio de la Llave,099,Maltrata,4.21
30,Veracruz de Ignacio de la Llave,100,Manlio Fabio Altamirano,1.561
30,Veracruz de Ignacio de la Llave,101,Mariano Escobedo,2.986
30,Veracruz de Ignacio de la Llave,102,Martínez de la Torre,2.593
30,Veracruz de Ignacio de la Llave,103,Mecatlán,0.237
30,Veracruz de Ignacio de la Llave,104,Mecayapan,0.698
30,Veracruz de Ignacio de la Llave,105,Medellín de Bravo,0.568
30,Veracruz de Ignacio de la Llave,106,Miahuatlán,3.097
30,Veracruz de Ignacio de la Llave,107,Las Minas,0.529
30,Veracruz de Ignacio de la Llave,108,Minatitlán,1.04
30,Veracruz de Ignacio de la Llave,109,Misantla,2.776
30,Veracruz de Ignacio de la Llave,110,Mixtla de Altamirano,0.55
30,Veracruz de Ignacio de la Llave,111,Moloacán,2.448
30,Veracruz de Ignacio de la Llave,112,Naolinco,2.738
30,Veracruz de Ignacio de la Llave,113,Naranjal,0.979
30,Veracruz de Ignacio de la Llave,114,Nautla,1.948
30,Veracruz de Ignacio de la Llave,115,Nogales,3.595
30,Veracruz de Ignacio de la Llave,116,Oluta,1.45
30,Veracruz de Ignacio de la Llave,117,Omealca,3.889
30,Veracruz de Ignacio de la Llave,118,Orizaba,0.806
30,Veracruz de Ignacio de la Llave,119,Otatitlán,3.53
30,Veracruz de Ignacio de la Llave,120,Oteapan,0.578
30,Veracruz de Ignacio de la Llave,121,Ozuluama de Mascareñas,0.181
30,Veracruz de Ignacio de la Llave,122,Pajapan,0.872
30,Veracruz de Ignacio de la Llave,123,Pánuco,4.471
30,Veracruz de Ignacio de la Llave,124,Papantla,1.333
30,Veracruz de Ignacio de la Llave,125,Paso del Macho,3.564
30,Veracruz de Ignacio de la Llave,126,Paso de Ovejas,2.662
30,Veracruz de Ignacio de la Llave,127,La Perla,4.906
30,Veracruz de Ignacio de la Llave,128,Perote,0.8
30,Veracruz de Ignacio de la Llave,129,Platón Sánchez,0.338
30,Veracruz de Ignacio de la Llave,130,Playa Vicente,6.02
30,Veracruz de Ignacio de la Llave,131,Poza Rica de Hidalgo,0.475
30,Veracruz de Ignacio de la Llave,132,Las Vigas de Ramírez,0.375
30,Veracruz de Ignacio de la Llave,133,Pueblo Viejo,1.066
30,Veracruz de Ignacio de la Llave,134,Puente Nacional,3.581
30,Veracruz de Ignacio de la Llave,135,Rafael Delgado,0.32
30,Veracruz de Ignacio de la Llave,136,Rafael Lucio,0.521
30,Veracruz de Ignacio de la Llave,137,Los Reyes,1.032
30,Veracruz de Ignacio de la Llave,138,Río Blanco,1.669
30,Veracruz de Ignacio de la Llave,139,Saltabarranca,1.152
30,Veracruz de Ignacio de la Llave,140,San Andrés Tenejapan,0.093
30,Veracruz de Ignacio de la Llave,141,San Andrés Tuxtla,2.546
30,Veracruz de Ignacio de la Llave,142,San Juan Evangelista,2.835
30,Veracruz de Ignacio de la Llave,143,Santiago Tuxtla,2.075
30,Veracruz de Ignacio de la Llave,144,Sayula de Alemán,1.25
30,Veracruz de Ignacio de la Llave,145,Soconusco,1.181
30,Veracruz de Ignacio de la Llave,146,Sochiapa,1.705
30,Veracruz de Ignacio de la Llave,147,Soledad Atzompa,0.903
30,Veracruz de Ignacio de la Llave,148,Soledad de Doblado,1.421
30,Veracruz de Ignacio de la Llave,149,Soteapan,0.876
30,Veracruz de Ignacio de la Llave,150,Tamalín,0.325
30,Veracruz de Ignacio de la Llave,151,Tamiahua,0.643
30,Veracruz de Ignacio de la Llave,152,Tampico Alto,0.832
30,Veracruz de Ignacio de la Llave,153,Tancoco,0.247
30,Veracruz de Ignacio de la Llave,154,Tantima,0.345
30,Veracruz de Ignacio de la Llave,155,Tantoyuca,0.189
30,Veracruz de Ignacio de la Llave,156,Tatatila,0.711
30,Veracruz de Ignacio de la Llave,157,Castillo de Teayo,1.822
30,Veracruz de Ignacio de la Llave,158,Tecolutla,2.529
30,Veracruz de Ignacio de la Llave,159,Tehuipango,1.217
30,Veracruz de Ignacio de la Llave,160,Álamo Temapache,1.891
30,Veracruz de Ignacio de la Llave,161,Tempoal,1.79
30,Veracruz de Ignacio de la Llave,162,Tenampa,8.5
30,Veracruz de Ignacio de la Llave,163,Tenochtitlán,7.416
30,Veracruz de Ignacio de la Llave,164,Teocelo,2.3
30,Veracruz de Ignacio de la Llave,165,Tepatlaxco,3.006
30,Veracruz de Ignacio de la Llave,166,Tepetlán,3.057
30,Veracruz de Ignacio de la Llave,167,Tepetzintla,0.399
30,Veracruz de Ignacio de la Llave,168,Tequila,0.375
30,Veracruz de Ignacio de la Llave,169,José Azueta,1.683
30,Veracruz de Ignacio de la Llave,170,Texcatepec,6.234
30,Veracruz de Ignacio de la Llave,171,Texhuacán,7.71
30,Veracruz de Ignacio de la Llave,172,Texistepec,1.051
30,Veracruz de Ignacio de la Llave,173,Tezonapa,1.434
30,Veracruz de Ignacio de la Llave,174,Tierra Blanca,3.345
30,Veracruz de Ignacio de la Llave,175,Tihuatlán,0.914
30,Veracruz de Ignacio de la Llave,176,Tlacojalpan,2.874
30,Veracruz de Ignacio de la Llave,177,Tlacolulan,0.558
30,Veracruz de Ignacio de la Llave,178,Tlacotalpan,2.04
30,Veracruz de Ignacio de la Llave,179,Tlacotepec de Mejía,4.032
30,Veracruz de Ignacio de la Llave,180,Tlachichilco,7.676
30,Veracruz de Ignacio de la Llave,181,Tlalixcoyan,1.735
30,Veracruz de Ignacio de la Llave,182,Tlalnelhuayocan,0.641
30,Veracruz de Ignacio de la Llave,183,Tlapacoyan,2.289
30,Veracruz de Ignacio de la Llave,184,Tlaquilpa,9.083
30,Veracruz de Ignacio de la Llave,185,Tlilapan,0.602
30,Veracruz de Ignacio de la Llave,186,Tomatlán,3.583
30,Veracruz de Ignacio de la Llave,187,Tonayán,2.812
30,Veracruz de Ignacio de la Llave,188,Totutla,4.225
30,Veracruz de Ignacio de la Llave,189,Tuxpan,0.531
30,Veracruz de Ignacio de la Llave,190,Tuxtilla,1.646
30,Veracruz de Ignacio de la Llave,191,Ursulo Galván,4.007
30,Veracruz de Ignacio de la Llave,192,Vega de Alatorre,2.846
30,Veracruz de Ignacio de la Llave,193,Veracruz,0.854
30,Veracruz de Ignacio de la Llave,194,Villa Aldama,0.713
30,Veracruz de Ignacio de la Llave,195,Xoxocotla,1.783
30,Veracruz de Ignacio de la Llave,196,Yanga,4.884
30,Veracruz de Ignacio de la Llave,197,Yecuatla,6.975
30,Veracruz de Ignacio de la Llave,198,Zacualpan,4.492
30,Veracruz de Ignacio de la Llave,199,Zaragoza,0.276
30,Veracruz de Ignacio de la Llave,200,Zentla,4.122
30,Veracruz de Ignacio de la Llave,201,Zongolica,3.284
30,Veracruz de Ignacio de la Llave,202,Zontecomatlán de López y Fuentes,2.188
30,Veracruz de Ignacio de la Llave,203,Zozocolco de Hidalgo,0.242
30,Veracruz de Ignacio de la Llave,204,Agua Dulce,0.52
30,Veracruz de Ignacio de la Llave,205,El Higo,1.469
30,Veracruz de Ignacio de la Llave,206,Nanchital de Lázaro Cárdenas del Río,0.238
30,Veracruz de Ignacio de la Llave,207,Tres Valles,3.963
30,Veracruz de Ignacio de la Llave,208,Carlos A. Carrillo,1.659
30,Veracruz de Ignacio de la Llave,209,Tatahuicapan de Juárez,1.842
30,Veracruz de Ignacio de la Llave,210,Uxpanapa,3.305
30,Veracruz de Ignacio de la Llave,211,San Rafael,3.335
30,Veracruz de Ignacio de la Llave,212,Santiago Sochiapan,5.955
31,Yucatán,001,Abalá,0.212
31,Yucatán,002,Acanceh,0.234
31,Yucatán,003,Akil,2.384
31,Yucatán,004,Baca,0.286
31,Yucatán,005,Bokobá,0.263
31,Yucatán,006,Buctzotz,3.334
31,Yucatán,007,Cacalchén,0.204
31,Yucatán,008,Calotmul,0.277
31,Yucatán,009,Cansahcab,2.847
31,Yucatán,010,Cantamayec,0.614
31,Yucatán,011,Celestún,0.221
31,Yucatán,012,Cenotillo,7.212
31,Yucatán,013,Conkal,0.097
31,Yucatán,014,Cuncunul,0.073
31,Yucatán,015,Cuzamá,0.08
31,Yucatán,016,Chacsinkín,2.627
31,Yucatán,017,Chankom,0.024
31,Yucatán,018,Chapab,2.399
31,Yucatán,019,Chemax,0.022
31,Yucatán,020,Chicxulub Pueblo,0.165
31,Yucatán,021,Chichimilá,0.065
31,Yucatán,022,Chikindzonot,0.316
31,Yucatán,023,Chocholá,0.092
31,Yucatán,024,Chumayel,4.287
31,Yucatán,025,Dzán,5.95
31,Yucatán,026,Dzemul,0.425
31,Yucatán,027,Dzidzantún,0.321
31,Yucatán,028,Dzilam de Bravo,0.145
31,Yucatán,029,Dzilam González,0.191
31,Yucatán,030,Dzitás,0.208
31,Yucatán,031,Dzoncauich,1.221
31,Yucatán,032,Espita,0.084
31,Yucatán,033,Halachó,0.239
31,Yucatán,034,Hocabá,0.206
31,Yucatán,035,Hoctún,1.799
31,Yucatán,036,Homún,0.205
31,Yucatán,037,Huhí,0.807
31,Yucatán,038,Hunucmá,1.147
31,Yucatán,039,Ixil,0.081
31,Yucatán,040,Izamal,0.156
31,Yucatán,041,Kanasín,0.352
31,Yucatán,042,Kantunil,0.933
31,Yucatán,043,Kaua,0.353
31,Yucatán,044,Kinchil,0.26
31,Yucatán,045,Kopomá,0.038
31,Yucatán,046,Mama,9.66
31,Yucatán,047,Maní,4.921
31,Yucatán,048,Maxcanú,0.118
31,Yucatán,049,Mayapán,0.832
31,Yucatán,050,Mérida,0.549
31,Yucatán,051,Mocochá,0.682
31,Yucatán,052,Motul,0.919
31,Yucatán,053,Muna,5.321
31,Yucatán,054,Muxupip,0.481
31,Yucatán,055,Opichén,0.172
31,Yucatán,056,Oxkutzcab,8.356
31,Yucatán,057,Panabá,0.362
31,Yucatán,058,Peto,3.367
31,Yucatán,059,Progreso,0.321
31,Yucatán,060,Quintana Roo,0.697
31,Yucatán,061,Río Lagartos,0.286
31,Yucatán,062,Sacalum,0.326
31,Yucatán,063,Samahil,0.103
31,Yucatán,064,Sanahcat,0.12
31,Yucatán,065,San Felipe,0
31,Yucatán,066,Santa Elena,6.205
31,Yucatán,067,Seyé,0.157
31,Yucatán,068,Sinanché,0.464
31,Yucatán,069,Sotuta,0.514
31,Yucatán,070,Sucilá,0.686
31,Yucatán,071,Sudzal,0.278
31,Yucatán,072,Suma,0.345
31,Yucatán,073,Tahdziú,1.483
31,Yucatán,074,Tahmek,0.353
31,Yucatán,075,Teabo,2.559
31,Yucatán,076,Tecoh,0.106
31,Yucatán,077,Tekal de Venegas,0.106
31,Yucatán,078,Tekantó,0.398
31,Yucatán,079,Tekax,2.497
31,Yucatán,080,Tekit,1.732
31,Yucatán,081,Tekom,0
31,Yucatán,082,Telchac Pueblo,1.128
31,Yucatán,083,Telchac Puerto,0.823
31,Yucatán,084,Temax,0.172
31,Yucatán,085,Temozón,0.059
31,Yucatán,086,Tepakán,0.377
31,Yucatán,087,Tetiz,5.559
31,Yucatán,088,Teya,0.046
31,Yucatán,089,Ticul,1.743
31,Yucatán,090,Timucuy,0.065
31,Yucatán,091,Tinum,0.092
31,Yucatán,092,Tixcacalcupul,0.143
31,Yucatán,093,Tixkokob,0.109
31,Yucatán,094,Tixmehuac,0.922
31,Yucatán,095,Tixpéhual,0.03
31,Yucatán,096,Tizimín,0.201
31,Yucatán,097,Tunkás,4.466
31,Yucatán,098,Tzucacab,0.87
31,Yucatán,099,Uayma,0
31,Yucatán,100,Ucú,0.249
31,Yucatán,101,Umán,0.335
31,Yucatán,102,Valladolid,0.105
31,Yucatán,103,Xocchel,0.13
31,Yucatán,104,Yaxcabá,0.061
31,Yucatán,105,Yaxkukul,0.363
31,Yucatán,106,Yobaín,0.16
32,Zacatecas,001,Apozol,13.407
32,Zacatecas,002,Apulco,12.751
32,Zacatecas,003,Atolinga,10.026
32,Zacatecas,004,Benito Juárez,8.764
32,Zacatecas,005,Calera,2.171
32,Zacatecas,006,Cañitas de Felipe Pescador,3.131
32,Zacatecas,007,Concepción del Oro,0.738
32,Zacatecas,008,Cuauhtémoc,3.937
32,Zacatecas,009,Chalchihuites,11.314
32,Zacatecas,010,Fresnillo,4.189
32,Zacatecas,011,Trinidad García de la Cadena,12.333
32,Zacatecas,012,Genaro Codina,3.882
32,Zacatecas,013,General Enrique Estrada,2.468
32,Zacatecas,014,General Francisco R. Murguía,15.14
32,Zacatecas,015,El Plateado de Joaquín Amaro,10.318
32,Zacatecas,016,General Pánfilo Natera,7.3
32,Zacatecas,017,Guadalupe,1.985
32,Zacatecas,018,Huanusco,11.349
32,Zacatecas,019,Jalpa,8.25
32,Zacatecas,020,Jerez,8.979
32,Zacatecas,021,Jiménez del Teul,6.563
32,Zacatecas,022,Juan Aldama,7.758
32,Zacatecas,023,Juchipila,12.513
32,Zacatecas,024,Loreto,3.826
32,Zacatecas,025,Luis Moya,6.116
32,Zacatecas,026,Mazapil,1.579
32,Zacatecas,027,Melchor Ocampo,2.326
32,Zacatecas,028,Mezquital del Oro,9.668
32,Zacatecas,029,Miguel Auza,6.469
32,Zacatecas,030,Momax,11.238
32,Zacatecas,031,Monte Escobedo,7.481
32,Zacatecas,032,Morelos,3.369
32,Zacatecas,033,Moyahua de Estrada,11.481
32,Zacatecas,034,Nochistlán de Mejía,12.54
32,Zacatecas,035,Noria de Ángeles,3.225
32,Zacatecas,036,Ojocaliente,5.709
32,Zacatecas,037,Pánuco,1.972
32,Zacatecas,038,Pinos,7.165
32,Zacatecas,039,Río Grande,10.812
32,Zacatecas,040,Sain Alto,11.967
32,Zacatecas,041,El Salvador,0.81
32,Zacatecas,042,Sombrerete,7.343
32,Zacatecas,043,Susticacán,15.476
32,Zacatecas,044,Tabasco,9.082
32,Zacatecas,045,Tepechitlán,12.289
32,Zacatecas,046,Tepetongo,9.207
32,Zacatecas,047,Teúl de González Ortega,8.878
32,Zacatecas,048,Tlaltenango de Sánchez Román,6.427
32,Zacatecas,049,Valparaíso,10.998
32,Zacatecas,050,Vetagrande,4.825
32,Zacatecas,051,Villa de Cos,4.093
32,Zacatecas,052,Villa García,5.928
32,Zacatecas,053,Villa González Ortega,9.531
32,Zacatecas,054,Villa Hidalgo,7.432
32,Zacatecas,055,Villanueva,9.89
32,Zacatecas,056,Zacatecas,1.427
32,Zacatecas,057,Trancoso,4.141
32,Zacatecas,058,Santa María de la Paz,10.074
